match_id,round,group_sign,home_team_name,away_team_name,home_score,away_score,attendance,start_datetime,home_ballPossession,home_expectedGoals,home_totalShotsOnGoal,home_shotsOnGoal,home_bigChanceCreated,home_bigChanceScored,home_cornerKicks,home_fouls,home_yellowCards,home_redCards,home_passes,home_accuratePasses,home_totalTackle,home_interceptionWon,home_ballRecovery,home_totalClearance,home_goalkeeperSaves,home_goalsPrevented,home_duelWonPercent,home_dribblesPercentage,home_touchesInOppBox,home_accurateCross,home_accurateLongBalls,home_wonTacklePercent,away_ballPossession,away_expectedGoals,away_totalShotsOnGoal,away_shotsOnGoal,away_bigChanceCreated,away_bigChanceScored,away_cornerKicks,away_fouls,away_yellowCards,away_redCards,away_passes,away_accuratePasses,away_totalTackle,away_interceptionWon,away_ballRecovery,away_totalClearance,away_goalkeeperSaves,away_goalsPrevented,away_duelWonPercent,away_dribblesPercentage,away_touchesInOppBox,away_accurateCross,away_accurateLongBalls,away_wonTacklePercent,diff_ballPossession,diff_expectedGoals,diff_totalShotsOnGoal,diff_shotsOnGoal,diff_bigChanceCreated,diff_bigChanceScored,diff_cornerKicks,diff_fouls,diff_yellowCards,diff_redCards,diff_passes,diff_accuratePasses,diff_totalTackle,diff_interceptionWon,diff_ballRecovery,diff_totalClearance,diff_goalkeeperSaves,diff_goalsPrevented,diff_duelWonPercent,diff_dribblesPercentage,diff_touchesInOppBox,diff_accurateCross,diff_accurateLongBalls,diff_wonTacklePercent,home_win,draw,away_win,result_1x2,over_2_5,btts,total_goals,goal_difference
15186710,1,A,Mexico,South Africa,2,0,80824,2026-06-11T19:00:00,61,1.46,16,4,2.0,2.0,3,12,1.0,1.0,520,467,12,8,40,15,2,0.1287,59,9,20,4,31,6,39,0.07,3,2,0.0,0.0,1,11,2.0,2.0,334,272,14,7,44,17,2,-0.7215,41,1,2,1,17,7,22,1.39,13,2,2.0,2.0,2,1,-1.0,-1.0,186,195,-2,1,-4,-2,0,0.8502000000000001,18,8,18,3,14,-1,1,0,0,H,False,False,2,2
15186720,1,A,South Korea,Czechia,2,1,44985,2026-06-12T02:00:00,62,2.3,15,6,4.0,2.0,4,9,1.0,,541,469,7,9,36,32,3,1.0699,60,8,24,3,30,4,38,0.83,7,4,1.0,1.0,5,16,0.0,,327,230,9,6,46,21,4,0.0618,40,4,12,3,23,7,24,1.4699999999999998,8,2,3.0,1.0,-1,-7,1.0,,214,239,-2,3,-10,11,-1,1.0081,20,4,12,0,7,-3,1,0,0,H,True,True,3,1
15186836,1,B,Canada,Bosnia & Herzegovina,1,1,43002,2026-06-12T19:00:00,61,1.23,13,4,2.0,0.0,9,10,2.0,,421,310,23,4,51,21,2,0.0024999999999999,47,7,37,5,18,15,39,0.96,8,3,2.0,1.0,4,20,3.0,,271,172,20,11,53,70,1,-0.2473,53,6,15,6,17,12,22,0.27,5,1,0.0,-1.0,5,-10,-1.0,,150,138,3,-7,-2,-49,1,0.24979999999999988,-6,1,22,-1,1,3,0,1,0,D,False,True,2,0
15186873,1,D,USA,Paraguay,4,1,70492,2026-06-13T01:00:00,65,1.42,16,6,4.0,2.0,3,13,1.0,,598,509,9,9,45,15,1,-0.5832,54,22,53,3,26,7,35,0.54,9,1,1.0,1.0,1,17,5.0,,319,232,21,10,40,33,3,-1.4577,46,6,11,1,20,16,30,0.8799999999999999,7,5,3.0,1.0,2,-4,-4.0,,279,277,-12,-1,5,-18,-2,0.8744999999999999,8,16,42,2,6,-9,1,0,0,H,True,True,5,3
15186526,1,B,Qatar,Switzerland,1,1,67966,2026-06-13T19:00:00,32,0.6,6,3,1.0,1.0,3,12,2.0,,278,200,14,11,36,31,5,0.7835,49,2,8,1,19,9,68,3.2,26,7,6.0,1.0,10,11,1.0,,576,527,8,7,50,13,3,-0.5358,51,7,42,6,27,6,-36,-2.6,-20,-4,-5.0,0.0,-7,1,1.0,,-298,-327,6,4,-14,18,2,1.3193000000000001,-2,-5,-34,-5,-8,3,0,1,0,D,False,True,2,0
15186850,1,C,Brazil,Morocco,1,1,80663,2026-06-13T22:00:00,51,1.26,12,5,1.0,0.0,6,16,2.0,,514,449,23,5,46,23,2,-0.2586,46,5,22,4,18,13,49,1.37,14,3,2.0,1.0,2,14,0.0,,486,419,26,5,52,17,4,0.376,54,16,13,2,17,18,2,-0.1100000000000001,-2,2,-1.0,-1.0,4,2,2.0,,28,30,-3,0,-6,6,-2,-0.6346,-8,-11,9,2,1,-5,0,1,0,D,False,True,2,0
15186853,1,C,Haiti,Scotland,0,1,64146,2026-06-14T01:00:00,54,1.05,15,2,1.0,,4,23,1.0,,431,368,12,6,42,20,1,0.1834,47,6,22,5,27,7,46,1.05,9,2,2.0,,3,21,3.0,,374,307,12,6,27,17,2,0.223,53,5,21,5,30,5,8,0.0,6,0,-1.0,,1,2,-2.0,,57,61,0,0,15,3,-1,-0.039599999999999996,-6,1,1,0,-3,2,0,0,1,A,False,False,1,-1
15186874,1,D,Australia,Türkiye,2,0,52497,2026-06-14T04:00:00,28,1.18,9,4,1.0,1.0,5,12,0.0,,271,201,15,7,35,55,8,1.4558,48,8,18,4,16,5,72,1.36,30,8,2.0,0.0,8,4,1.0,,704,635,12,4,36,29,2,-0.9215,52,5,51,2,19,8,-44,-0.18000000000000016,-21,-4,-1.0,1.0,-3,8,-1.0,,-433,-434,3,3,-1,26,6,2.3773,-4,3,-33,2,-3,-3,1,0,0,H,False,False,2,2
15186899,1,E,Germany,Curaçao,7,1,68021,2026-06-14T17:00:00,65,4.22,26,12,6.0,4.0,8,18,,,637,554,19,12,52,8,1,-0.4989,48,9,63,5,12,13,35,0.41,8,2,0.0,0.0,1,11,,,343,282,16,16,48,25,4,-1.7627,52,12,10,2,17,8,30,3.8099999999999996,18,10,6.0,4.0,7,7,,,294,272,3,-4,4,-17,-3,1.2637999999999998,-4,-3,53,3,-5,5,1,0,0,H,True,True,8,6
15186945,1,F,Netherlands,Japan,2,2,69285,2026-06-14T20:00:00,60,0.78,10,6,,,5,7,3.0,,524,463,11,7,26,23,1,-0.6757,62,8,33,8,16,5,40,0.59,10,3,,,4,7,0.0,,341,286,11,4,26,32,4,0.1613,38,3,19,6,13,10,20,0.19000000000000006,0,3,,,1,0,3.0,,183,177,0,3,0,-9,-3,-0.837,24,5,14,2,3,-5,0,1,0,D,True,True,4,0
15186904,1,E,Côte d'Ivoire,Ecuador,1,0,68274,2026-06-14T23:00:00,48,1.52,15,4,2.0,,3,10,3.0,,470,397,14,11,54,29,1,0.032,57,14,39,2,18,9,52,1.01,12,1,1.0,,5,13,1.0,,492,419,21,13,51,18,3,0.2166,43,3,16,4,11,15,-4,0.51,3,3,1.0,,-2,-3,2.0,,-22,-22,-7,-2,3,11,-2,-0.1846,14,11,23,-2,7,-6,1,0,0,H,False,False,1,1
15186951,1,F,Sweden,Tunisia,5,1,50987,2026-06-15T02:00:00,49,1.33,13,7,4.0,2.0,4,10,0.0,,356,278,14,6,41,23,1,-0.6527,45,5,22,3,22,9,51,0.28,6,2,0.0,0.0,2,8,1.0,,371,292,21,6,40,13,1,-2.8834,55,7,10,3,24,12,-2,1.05,7,5,4.0,2.0,2,2,-1.0,,-15,-14,-7,0,1,10,0,2.2307,-10,-2,12,0,-2,-3,1,0,0,H,True,True,6,4
15186783,1,H,Spain,Cabo Verde,0,0,67640,2026-06-15T16:00:00,74,2.1,27,7,2.0,,11,10,1.0,,800,734,13,6,55,7,1,0.1334,50,7,51,6,24,12,26,0.2,6,1,1.0,,1,1,1.0,,278,205,18,15,49,46,7,1.4527,50,4,6,1,19,11,48,1.9000000000000001,21,6,1.0,,10,9,0.0,,522,529,-5,-9,6,-39,-6,-1.3193000000000001,0,3,45,5,5,1,0,1,0,D,False,False,0,0
15186837,1,G,Belgium,Egypt,1,1,66775,2026-06-15T19:00:00,54,1.35,15,3,2.0,,2,15,2.0,,455,391,17,10,48,25,2,-0.3919,50,12,31,6,18,11,46,1.08,14,3,2.0,,7,15,2.0,,398,323,28,16,46,17,3,-0.36,50,8,27,2,20,17,8,0.27,1,0,0.0,,-5,0,0.0,,57,68,-11,-6,2,8,-1,-0.03190000000000004,0,4,4,4,-2,-6,0,1,0,D,False,True,2,0
15186811,1,H,Saudi Arabia,Uruguay,1,1,62464,2026-06-15T22:00:00,33,0.66,7,3,1.0,1.0,4,11,1.0,,322,236,11,9,39,43,9,0.6821,49,3,10,3,10,8,67,1.72,27,10,2.0,1.0,14,6,0.0,,612,540,3,10,52,17,2,-0.3524,51,8,41,16,24,2,-34,-1.06,-20,-7,-1.0,0.0,-10,5,1.0,,-290,-304,8,-1,-13,26,7,1.0345,-2,-5,-31,-13,-14,6,0,1,0,D,False,True,2,0
15186832,1,G,Iran,New Zealand,2,2,70108,2026-06-16T01:00:00,49,1.5,17,4,2.0,2.0,4,10,1.0,,409,314,17,11,51,27,6,-0.9954,56,4,25,6,27,10,51,1.24,14,8,2.0,2.0,1,8,0.0,,446,376,13,15,47,26,2,-0.282,44,6,21,1,21,10,-2,0.26,3,-4,0.0,0.0,3,2,1.0,,-37,-62,4,-4,4,1,4,-0.7134,12,-2,4,5,6,0,0,1,0,D,True,True,4,0
15186501,1,I,France,Senegal,3,1,80545,2026-06-16T19:00:00,53,1.79,11,8,4.0,2.0,6,5,,,575,505,19,7,56,14,2,-0.8322,56,5,19,0,20,14,47,0.53,6,2,2.0,0.0,4,9,,,502,430,14,8,56,17,5,-0.9403,44,8,13,1,25,10,6,1.26,5,6,2.0,2.0,2,-4,,,73,75,5,-1,0,-3,-3,0.10809999999999997,12,-3,6,-1,-5,4,1,0,0,H,True,True,4,2
15186773,1,I,Iraq,Norway,1,4,63106,2026-06-16T22:00:00,39,0.8,11,1,1.0,0.0,2,12,1.0,,334,271,19,5,35,20,2,-1.3454,52,10,18,6,22,13,61,2.52,12,5,5.0,3.0,5,13,0.0,,537,477,15,2,36,22,0,-0.4013,48,5,25,7,18,10,-22,-1.72,-1,-4,-4.0,-3.0,-3,-1,1.0,,-203,-206,4,3,-1,-2,2,-0.9440999999999999,4,5,-7,-1,4,3,0,0,1,A,True,True,5,-3
15186854,1,J,Argentina,Algeria,3,0,69045,2026-06-17T01:00:00,48,1.47,10,6,1.0,1.0,2,13,,,561,504,27,10,50,17,0,0.0,48,2,12,1,17,19,52,0.3,7,0,0.0,0.0,2,8,,,609,563,17,8,39,12,3,-0.7816,52,8,14,1,15,10,-4,1.17,3,6,1.0,1.0,0,5,,,-48,-59,10,2,11,5,-3,0.7816,-4,-6,-2,0,2,9,1,0,0,H,True,False,3,3
15186751,1,J,Austria,Jordan,3,1,68527,2026-06-17T04:00:00,63,1.69,11,4,4.0,1.0,4,12,1.0,,580,487,17,15,52,24,3,0.1772,47,4,28,3,18,9,37,0.46,11,4,0.0,0.0,3,7,0.0,,332,241,15,12,39,39,1,-1.7125,53,15,21,3,23,6,26,1.23,0,0,4.0,1.0,1,5,1.0,,248,246,2,3,13,-15,2,1.8897,-6,-11,7,0,-5,3,1,0,0,H,True,True,4,2
15186709,1,K,Portugal,DR Congo,1,1,68777,2026-06-17T17:00:00,75,0.65,7,1,1.0,0.0,5,9,3.0,,783,724,12,3,41,10,1,-0.0312,45,5,29,6,41,6,25,0.87,8,2,1.0,1.0,4,10,1.0,,249,195,17,5,38,27,0,-0.4737,55,8,10,1,11,9,50,-0.21999999999999997,-1,-1,0.0,-1.0,1,-1,2.0,,534,529,-5,-2,3,-17,1,0.4425,-10,-3,19,5,30,-3,0,1,0,D,False,True,2,0
15186504,1,L,England,Croatia,4,2,70389,2026-06-17T20:00:00,52,3.2,22,11,7.0,2.0,8,10,,,474,406,9,7,47,16,3,-1.4896,49,7,37,6,15,7,48,0.7,10,5,2.0,1.0,2,12,,,443,381,11,9,40,17,7,-0.6732,51,5,16,2,18,8,4,2.5,12,6,5.0,1.0,6,-2,,,31,25,-2,-2,7,-1,-4,-0.8164,-2,2,21,4,-3,-1,1,0,0,H,True,True,6,2
15186687,1,L,Ghana,Panama,1,0,42942,2026-06-17T23:00:00,38,1.25,7,2,1.0,1.0,2,9,1.0,,352,292,16,8,50,28,4,1.3579,50,9,14,4,30,9,62,0.73,11,4,2.0,0.0,2,11,2.0,,583,503,29,5,48,17,2,0.0407,50,6,19,4,34,11,-24,0.52,-4,-2,-1.0,1.0,0,-2,-1.0,,-231,-211,-13,3,2,11,2,1.3172000000000001,0,3,-5,0,-4,-2,1,0,0,H,False,False,1,1
15186722,1,K,Uzbekistan,Colombia,1,3,80824,2026-06-18T02:00:00,39,1.16,8,2,1.0,1.0,3,14,1.0,,319,243,10,7,39,24,1,-1.6389,49,5,5,3,17,7,61,1.61,15,4,4.0,3.0,4,11,1.0,,519,444,10,6,43,20,1,0.1924,51,5,27,6,17,3,-22,-0.4500000000000002,-7,-2,-3.0,-2.0,-1,3,0.0,,-200,-201,0,1,-4,4,0,-1.8313,-2,0,-22,-3,0,4,0,0,1,A,True,True,4,-2
15186731,2,A,Czechia,South Africa,1,1,67442,2026-06-18T16:00:00,38,1.02,14,3,3.0,1.0,5,12,1.0,,341,272,12,9,46,22,3,0.1165,49,10,16,7,22,4,62,1.38,17,4,1.0,1.0,5,10,2.0,,563,508,20,9,45,24,2,-0.466,51,8,20,4,30,11,-24,-0.3599999999999999,-3,-1,2.0,0.0,0,2,-1.0,,-222,-236,-8,0,1,-2,1,0.5825,-2,2,-4,3,-8,-7,0,1,0,D,False,True,2,0
15186806,2,B,Switzerland,Bosnia & Herzegovina,4,1,70026,2026-06-18T19:00:00,62,2.06,13,7,4.0,3.0,7,7,1.0,0.0,586,516,19,5,42,17,2,-0.7303,58,6,35,1,25,13,38,0.23,5,3,0.0,0.0,3,18,2.0,1.0,354,287,13,11,49,36,3,-1.5444,42,6,8,1,13,3,24,1.83,8,4,4.0,3.0,4,-11,-1.0,-1.0,232,229,6,-6,-7,-19,-1,0.8141,16,0,27,0,12,10,1,0,0,H,True,True,5,3
15186798,2,B,Canada,Qatar,6,0,52497,2026-06-18T22:00:00,79,4.6,32,10,6.0,3.0,19,9,1.0,0.0,567,515,9,6,39,3,0,0.0,49,6,97,13,10,5,21,0.22,2,0,0.0,0.0,1,10,1.0,2.0,162,104,16,10,25,61,4,-1.1504,51,2,1,1,17,10,58,4.38,30,10,6.0,3.0,18,-1,0.0,-2.0,405,411,-7,-4,14,-58,-4,1.1504,-2,4,96,12,-7,-5,1,0,0,H,True,False,6,6
15186490,2,A,Mexico,South Korea,1,0,45522,2026-06-19T01:00:00,42,0.53,8,4,2.0,1.0,0,9,0.0,,427,349,14,6,50,20,2,0.7644,47,6,6,4,16,7,58,0.91,9,2,3.0,0.0,2,7,2.0,,578,488,17,5,51,12,3,-0.0996,53,9,11,5,23,10,-16,-0.38,-1,2,-1.0,1.0,-2,2,-2.0,,-151,-139,-3,1,-1,8,-1,0.864,-6,-3,-5,-1,-7,-3,1,0,0,H,False,False,1,1
15186878,2,D,USA,Australia,2,0,66925,2026-06-19T19:00:00,62,1.08,10,2,2.0,1.0,7,12,3.0,,523,444,20,20,39,31,2,0.0947,48,11,20,4,26,8,38,0.35,5,2,0.0,0.0,4,16,4.0,,310,219,13,6,44,24,1,-0.6905,52,14,20,4,19,11,24,0.7300000000000001,5,0,2.0,1.0,3,-4,-1.0,,213,225,7,14,-5,7,1,0.7852,-4,-3,0,0,7,-3,1,0,0,H,False,False,2,2
15186859,2,C,Scotland,Morocco,0,1,64146,2026-06-19T22:00:00,41,0.51,6,0,1.0,0.0,2,11,1.0,,456,388,20,9,42,17,1,-0.506,53,4,20,3,20,12,59,0.99,12,2,3.0,1.0,5,8,1.0,,670,600,10,5,46,14,0,0.0,47,5,26,2,14,6,-18,-0.48,-6,-2,-2.0,-1.0,-3,3,0.0,,-214,-212,10,4,-4,3,1,-0.506,6,-1,-6,1,6,6,0,0,1,A,False,False,1,-1
15186856,2,C,Brazil,Haiti,3,0,68324,2026-06-20T00:30:00,57,1.75,8,5,5.0,3.0,4,13,1.0,,525,462,21,10,40,14,3,0.4334,55,4,24,1,20,10,43,0.23,7,3,0.0,0.0,4,14,3.0,,399,332,16,9,35,22,2,-0.6665,45,3,17,3,31,10,14,1.52,1,2,5.0,3.0,0,-1,-2.0,,126,130,5,1,5,-8,1,1.0998999999999999,10,1,7,-2,-11,0,1,0,0,H,True,False,3,3
15186879,2,D,Türkiye,Paraguay,0,1,68827,2026-06-20T03:00:00,79,2.17,32,5,5.0,,12,14,1.0,0.0,629,559,17,6,46,29,1,-0.7916,45,13,50,8,28,11,21,0.32,7,2,0.0,,0,15,1.0,1.0,178,96,25,9,49,48,5,0.6719,55,15,12,2,22,15,58,1.8499999999999999,25,3,5.0,,12,-1,0.0,-1.0,451,463,-8,-3,-3,-19,-4,-1.4635,-10,-2,38,6,6,-4,0,0,1,A,False,False,1,-1
15186957,2,F,Netherlands,Sweden,5,1,68777,2026-06-20T17:00:00,51,2.61,10,7,3.0,3.0,2,9,0.0,,449,398,15,8,40,24,7,0.7083,48,3,20,3,18,8,49,1.01,16,8,2.0,1.0,5,12,3.0,,425,361,18,5,36,14,2,-0.8038,52,7,26,3,6,9,2,1.5999999999999999,-6,-1,1.0,2.0,-3,-3,-3.0,,24,37,-3,3,4,10,5,1.5121,-4,-4,-6,0,12,-1,1,0,0,H,True,True,6,4
15186905,2,E,Germany,Côte d'Ivoire,2,1,43036,2026-06-20T20:00:00,60,1.89,16,7,5.0,2.0,8,5,,,624,555,26,8,51,14,1,0.105,47,6,33,5,18,17,40,1.22,9,2,2.0,1.0,3,7,,,431,367,20,13,55,26,5,0.3557,53,20,22,5,28,11,20,0.6699999999999999,7,5,3.0,1.0,5,-2,,,193,188,6,-5,-4,-12,-4,-0.25070000000000003,-6,-14,11,0,-10,6,1,0,0,H,True,True,3,1
15186906,2,E,Ecuador,Curaçao,0,0,68598,2026-06-21T00:00:00,75,2.84,27,15,6.0,,9,7,1.0,,644,581,19,7,56,17,3,0.8786,50,8,43,11,14,11,25,0.5,10,3,0.0,,0,10,5.0,,227,159,17,8,57,32,15,2.2732,50,9,12,1,15,7,50,2.34,17,12,6.0,,9,-3,-4.0,,417,422,2,-1,-1,-15,-12,-1.3946,0,-1,31,10,-1,4,0,1,0,D,False,False,0,0
15186963,2,F,Tunisia,Japan,0,4,51243,2026-06-21T04:00:00,38,0.05,2,0,0.0,0.0,3,8,,,354,284,18,14,38,23,1,-1.2652,47,2,8,2,16,16,62,2.13,11,5,4.0,2.0,5,15,,,583,521,18,7,35,25,0,0.0,53,4,17,2,18,12,-24,-2.08,-9,-5,-4.0,-2.0,-2,-7,,,-229,-237,0,7,3,-2,1,-1.2652,-6,-2,-9,0,-2,4,0,0,1,A,True,False,4,-4
15186840,2,H,Spain,Saudi Arabia,4,0,68239,2026-06-21T16:00:00,67,2.3,22,8,5.0,3.0,6,10,0.0,,726,668,10,13,55,17,1,0.0964,44,7,37,7,28,8,33,0.14,3,1,0.0,0.0,1,2,2.0,,364,294,15,13,37,35,5,-0.5481,56,8,2,0,14,12,34,2.1599999999999997,19,7,5.0,3.0,5,8,-2.0,,362,374,-5,0,18,-18,-4,0.6445000000000001,-12,-1,35,7,14,-4,1,0,0,H,True,False,4,4
15186499,2,G,Belgium,Iran,0,0,70317,2026-06-21T19:00:00,70,1.79,23,7,1.0,,4,7,1.0,1.0,621,533,12,3,63,11,3,0.8693,55,14,42,6,12,7,30,0.62,7,3,1.0,,2,9,1.0,0.0,270,198,19,12,52,51,7,1.489,45,2,15,2,18,11,40,1.17,16,4,0.0,,2,-2,0.0,1.0,351,335,-7,-9,11,-40,-4,-0.6197000000000001,10,12,27,4,-6,-4,0,1,0,D,False,False,0,0
15186800,2,H,Uruguay,Cabo Verde,2,2,64003,2026-06-21T22:00:00,65,2.32,17,2,2.0,2.0,11,11,2.0,,511,420,16,7,44,11,2,-0.741,46,7,34,4,23,8,35,0.88,12,4,1.0,1.0,4,4,2.0,,278,205,16,13,43,48,0,-0.3494,54,12,10,2,18,15,30,1.44,5,-2,1.0,1.0,7,7,0.0,,233,215,0,-6,1,-37,2,-0.3916,-8,-5,24,2,5,-7,0,1,0,D,True,True,4,0
15186827,2,G,New Zealand,Egypt,1,3,52497,2026-06-22T01:00:00,44,1.24,11,5,3.0,1.0,4,14,2.0,,421,337,12,4,55,22,4,-0.4503,44,7,17,3,20,6,56,1.87,19,7,3.0,1.0,3,8,1.0,,526,460,16,6,56,37,4,0.6235,56,7,36,7,22,13,-12,-0.6300000000000001,-8,-2,0.0,0.0,1,6,1.0,,-105,-123,-4,-2,-1,-15,0,-1.0738,-12,0,-19,-4,-2,-7,0,0,1,A,True,True,4,-2
15186502,2,J,Argentina,Austria,2,0,70649,2026-06-22T17:00:00,54,2.36,12,5,3.0,,1,13,2.0,,554,494,21,8,42,35,1,0.0489,52,6,19,1,12,11,46,0.53,6,1,1.0,,3,13,2.0,,468,401,12,9,27,15,2,-0.4881,48,6,18,3,11,7,8,1.8299999999999998,6,4,2.0,,-2,0,0.0,,86,93,9,-1,15,20,-1,0.5369999999999999,4,0,1,-2,1,4,1,0,0,H,False,False,2,2
15186769,2,I,France,Iraq,3,0,68324,2026-06-22T21:00:00,56,2.67,19,5,5.0,2.0,4,8,0.0,,603,540,14,5,53,9,0,0.0,51,12,41,2,17,9,44,0.63,4,0,1.0,0.0,2,4,1.0,,481,413,16,10,44,28,2,-0.7237,49,6,7,4,21,8,12,2.04,15,5,4.0,2.0,2,4,-1.0,,122,127,-2,-5,9,-19,-2,0.7237,2,6,34,-2,-4,1,1,0,0,H,True,False,3,3
15186770,2,I,Norway,Senegal,3,2,80663,2026-06-23T00:00:00,42,2.2,13,7,5.0,2.0,5,13,,,353,282,10,8,44,26,2,-0.6466,40,5,24,3,25,9,58,1.72,16,4,3.0,2.0,4,5,,,489,430,16,10,42,18,3,-1.049,60,11,26,8,37,7,-16,0.4800000000000002,-3,3,2.0,0.0,1,8,,,-136,-148,-6,-2,2,8,-1,0.4024,-20,-6,-2,-5,-12,2,1,0,0,H,True,True,5,1
15186740,2,J,Jordan,Algeria,1,2,68371,2026-06-23T03:00:00,28,0.63,8,4,1.0,0.0,1,11,1.0,,251,181,30,3,56,36,6,0.0972,48,7,13,2,23,17,72,1.89,17,8,3.0,1.0,10,6,1.0,,641,561,25,11,58,15,3,-0.3806,52,14,30,5,19,18,-44,-1.2599999999999998,-9,-4,-2.0,-1.0,-9,5,0.0,,-390,-380,5,-8,-2,21,3,0.4778,-4,-7,-17,-3,4,-1,0,0,1,A,True,True,3,-1
15186858,2,K,Portugal,Uzbekistan,5,0,68777,2026-06-23T17:00:00,66,2.61,17,9,7.0,2.0,3,14,1.0,,624,561,14,6,50,16,2,0.092,55,14,36,5,22,10,34,0.24,7,2,0.0,0.0,2,15,1.0,,327,262,18,14,46,30,4,-1.5059,45,8,6,0,9,13,32,2.37,10,7,7.0,2.0,1,-1,0.0,,297,299,-4,-8,4,-14,-2,1.5979,10,6,30,5,13,-3,1,0,0,H,True,False,5,5
15186672,2,L,England,Ghana,0,0,63983,2026-06-23T20:00:00,79,1.36,19,3,2.0,,9,14,1.0,,633,586,14,1,33,6,0,0.0,56,7,33,7,14,7,21,0.17,2,1,1.0,,2,24,1.0,,172,127,22,8,28,39,3,0.3704,44,4,10,0,24,17,58,1.1900000000000002,17,2,1.0,,7,-10,0.0,,461,459,-8,-7,5,-33,-3,-0.3704,12,3,23,7,-10,-10,0,1,0,D,False,False,0,0
15186520,2,L,Panama,Croatia,0,1,43036,2026-06-23T23:00:00,42,0.55,8,1,1.0,0.0,7,19,1.0,,352,277,10,5,49,29,1,0.2143,48,11,19,6,25,5,58,1.65,6,2,3.0,1.0,2,12,1.0,,512,432,19,5,48,38,1,0.0383,52,11,15,5,19,7,-16,-1.0999999999999999,2,-1,-2.0,-1.0,5,7,0.0,,-160,-155,-9,0,1,-9,0,0.176,-4,0,4,1,6,-2,0,0,1,A,False,False,1,-1
15186713,2,K,Colombia,DR Congo,1,0,45358,2026-06-24T02:00:00,64,0.98,20,9,2.0,,5,12,2.0,,541,473,10,10,43,18,1,0.0768,57,3,24,3,40,6,36,0.37,7,1,0.0,,4,16,1.0,,299,226,15,7,37,19,8,0.387,43,1,10,4,14,10,28,0.61,13,8,2.0,,1,-4,1.0,,242,247,-5,3,6,-1,-7,-0.31020000000000003,14,2,14,-1,26,-4,1,0,0,H,False,False,1,1
15186829,3,B,Bosnia & Herzegovina,Qatar,3,1,66925,2026-06-24T19:00:00,54,0.68,14,5,1.0,0.0,5,9,1.0,,515,452,10,4,40,22,2,0.1389,60,8,20,3,30,9,46,0.77,9,3,3.0,1.0,5,14,1.0,,434,371,13,4,34,24,3,-2.0402,40,3,16,5,16,5,8,-0.08999999999999997,5,2,-2.0,-1.0,0,-5,0.0,,81,81,-3,0,6,-2,-1,2.1791,20,5,4,-2,14,4,1,0,0,H,True,True,4,2
15186821,3,B,Switzerland,Canada,2,1,52497,2026-06-24T19:00:00,55,1.11,6,4,3.0,1.0,2,19,1.0,,443,369,16,4,35,44,6,1.7643,51,6,14,1,17,7,45,1.66,13,7,3.0,1.0,7,13,2.0,,339,271,9,13,40,19,2,-0.826,49,8,23,6,20,5,10,-0.5499999999999998,-7,-3,0.0,0.0,-5,6,-1.0,,104,98,7,-9,-5,25,4,2.5903,2,-2,-9,-5,-3,2,1,0,0,H,True,True,3,1
15186864,3,C,Morocco,Haiti,4,2,68239,2026-06-24T22:00:00,69,3.76,22,11,5.0,3.0,9,10,0.0,,541,477,20,8,41,14,1,-1.5103,54,16,45,7,17,8,31,1.22,9,2,1.0,0.0,1,18,3.0,,247,198,25,16,35,26,8,-0.177,46,11,9,2,21,12,38,2.54,13,9,4.0,3.0,8,-8,-3.0,,294,279,-5,-8,6,-12,-7,-1.3333,8,5,36,5,-4,-4,1,0,0,H,True,True,6,2
15186861,3,C,Scotland,Brazil,0,3,64478,2026-06-24T22:00:00,46,1.04,14,5,2.0,0.0,7,10,1.0,,499,448,11,2,33,13,5,1.8003,36,2,27,10,17,7,54,4.33,21,9,6.0,3.0,6,11,2.0,,606,564,14,13,47,24,5,1.2294,64,11,35,2,12,6,-8,-3.29,-7,-4,-4.0,-3.0,1,-1,-1.0,,-107,-116,-3,-11,-14,-11,0,0.5709,-28,-9,-8,8,5,1,0,0,1,A,True,False,3,-3
15186732,3,A,Czechia,Mexico,0,3,80824,2026-06-25T01:00:00,52,0.53,13,1,0.0,0.0,5,9,0.0,,398,333,12,5,40,20,2,-0.6463,55,5,14,5,20,7,48,1.74,11,5,5.0,3.0,1,13,1.0,,386,330,12,7,38,30,1,0.1329,45,4,15,1,34,8,4,-1.21,2,-4,-5.0,-3.0,4,-4,-1.0,,12,3,0,-2,2,-10,1,-0.7792,10,1,-1,4,-14,-1,0,0,1,A,True,False,3,-3
15186744,3,A,South Africa,South Korea,1,0,51243,2026-06-25T01:00:00,32,1.16,13,4,1.0,,4,7,1.0,,340,277,11,15,48,40,2,1.4241,48,6,13,1,19,7,68,0.9,8,3,1.0,,6,9,1.0,,719,641,12,4,42,16,3,-0.5013,52,6,18,7,29,9,-36,0.2599999999999999,5,1,0.0,,-2,-2,0.0,,-379,-364,-1,11,6,24,-1,1.9253999999999998,-4,0,-5,-6,-10,-2,1,0,0,H,False,False,1,1
15186908,3,E,Curaçao,Côte d'Ivoire,0,2,68324,2026-06-25T20:00:00,37,0.5,11,2,0.0,0.0,4,11,2.0,,355,295,17,15,44,17,1,-0.1443,52,12,18,5,14,11,63,1.31,7,3,3.0,2.0,6,6,1.0,,624,558,16,12,46,19,2,0.0618,48,8,22,3,20,9,-26,-0.81,4,-1,-3.0,-2.0,-2,5,1.0,,-269,-263,1,3,-2,-2,-1,-0.2061,4,4,-4,2,-6,2,0,0,1,A,False,False,2,-2
15186907,3,E,Ecuador,Germany,2,1,80663,2026-06-25T20:00:00,39,1.27,7,3,2.0,1.0,3,15,3.0,,378,312,26,12,50,30,2,-0.055,51,9,18,3,24,16,61,0.65,11,3,2.0,1.0,2,10,1.0,,592,517,20,4,50,15,1,-0.3738,49,7,20,5,17,13,-22,0.62,-4,0,0.0,0.0,1,5,2.0,,-214,-205,6,8,0,15,1,0.31880000000000003,2,2,-2,-2,7,3,1,0,0,H,True,True,3,1
15186972,3,F,Japan,Sweden,1,1,70137,2026-06-25T23:00:00,52,1.21,8,3,2.0,1.0,2,20,1.0,,445,378,13,4,42,40,4,0.1638,52,6,11,4,18,7,48,0.64,11,5,1.0,0.0,8,11,2.0,,395,312,7,5,39,21,2,0.2728,48,4,13,4,18,3,4,0.57,-3,-2,1.0,1.0,-6,9,-1.0,,50,66,6,-1,3,19,2,-0.10899999999999999,4,2,-2,0,0,4,0,1,0,D,False,True,2,0
15186973,3,F,Tunisia,Netherlands,1,3,70137,2026-06-25T23:00:00,29,0.62,10,4,2.0,1.0,4,11,,,258,199,17,8,45,35,4,-0.785,51,2,11,4,20,9,71,1.85,20,7,2.0,1.0,6,10,,,647,602,8,10,44,17,3,-0.0571,49,5,44,6,15,5,-42,-1.23,-10,-3,0.0,0.0,-2,1,,,-389,-403,9,-2,1,18,1,-0.7279,2,-3,-33,-2,5,4,0,0,1,A,True,True,4,-2
15186891,3,D,Paraguay,Australia,0,0,68827,2026-06-26T02:00:00,44,0.24,7,2,,,1,9,1.0,,426,330,24,8,43,24,5,0.6023,46,5,7,0,14,17,56,0.55,12,5,,,3,6,1.0,,537,438,20,7,43,10,2,0.2973,54,11,14,4,17,12,-12,-0.31000000000000005,-5,-3,,,-2,3,0.0,,-111,-108,4,1,0,14,3,0.30499999999999994,-8,-6,-7,-4,-3,5,0,1,0,D,False,False,0,0
15186887,3,D,Türkiye,USA,3,2,70492,2026-06-26T02:00:00,47,3.05,9,3,5.0,3.0,2,13,0.0,,434,335,32,9,42,24,5,0.3631,58,9,22,0,23,20,53,2.13,18,7,4.0,1.0,9,13,1.0,,471,398,14,9,42,27,1,-0.6798,42,7,36,5,16,9,-6,0.9199999999999999,-9,-4,1.0,2.0,-7,0,-1.0,,-37,-63,18,0,0,-3,4,1.0429,16,2,-14,-5,7,11,1,0,0,H,True,True,5,1
15186537,3,I,Norway,France,1,4,64146,2026-06-26T19:00:00,43,1.7,10,4,4.0,1.0,4,9,1.0,,421,343,17,13,40,16,5,-1.0009,48,7,26,3,18,11,57,1.5,18,9,3.0,1.0,5,11,1.0,,555,480,17,11,54,19,3,0.4103,52,7,31,3,28,12,-14,0.19999999999999996,-8,-5,1.0,0.0,-1,-2,0.0,,-134,-137,0,2,-14,-3,2,-1.4112,-4,0,-5,0,-10,-1,0,0,1,A,True,True,5,-3
15186771,3,I,Senegal,Iraq,5,0,43036,2026-06-26T19:00:00,69,3.01,28,12,5.0,2.0,12,10,2.0,0.0,590,517,12,2,53,10,1,0.0712,50,8,51,7,23,9,31,0.14,6,1,0.0,0.0,3,11,2.0,1.0,266,184,20,7,38,34,7,-0.0739,50,8,5,0,13,13,38,2.8699999999999997,22,11,5.0,2.0,9,-1,0.0,-1.0,324,333,-8,-5,15,-24,-6,0.1451,0,0,46,7,10,-4,1,0,0,H,True,False,5,5
15186803,3,H,Cabo Verde,Saudi Arabia,0,0,68278,2026-06-27T00:00:00,51,1.39,15,2,1.0,,4,10,1.0,,451,381,15,13,52,29,3,0.3265,51,10,19,2,29,12,49,0.39,7,3,1.0,,2,16,3.0,,444,359,29,11,43,25,2,0.5086,49,6,20,3,21,15,2,0.9999999999999999,8,-1,0.0,,2,-6,-2.0,,7,22,-14,2,9,4,1,-0.18210000000000004,2,4,-1,-1,8,-3,0,1,0,D,False,False,0,0
15186841,3,H,Uruguay,Spain,0,1,45065,2026-06-27T00:00:00,33,0.2,5,1,1.0,,1,14,3.0,1.0,301,228,25,14,51,14,0,-0.7976,48,7,12,1,15,15,67,0.86,6,1,1.0,,6,14,1.0,0.0,622,553,17,9,51,23,2,0.1019,52,9,19,3,18,10,-34,-0.6599999999999999,-1,0,0.0,,-5,0,2.0,1.0,-321,-325,8,5,0,-9,-2,-0.8995,-4,-2,-7,-2,-3,5,0,0,1,A,False,False,1,-1
15186828,3,G,Egypt,Iran,1,1,66925,2026-06-27T03:00:00,61,0.84,15,3,0.0,0.0,8,11,3.0,,589,513,17,7,39,38,2,0.2317,47,10,28,4,18,10,39,1.97,13,4,5.0,1.0,2,16,4.0,,367,281,22,8,36,32,2,-0.5315,53,8,26,1,29,17,22,-1.13,2,-1,-5.0,-1.0,6,-5,-1.0,,222,232,-5,-1,3,6,0,0.7632,-6,2,2,3,-11,-7,0,1,0,D,False,True,2,0
15186822,3,G,New Zealand,Belgium,1,5,52497,2026-06-27T03:00:00,46,0.24,6,2,0.0,0.0,5,10,2.0,,436,369,10,6,38,35,5,-1.8593,45,8,6,2,16,6,54,3.64,35,10,4.0,2.0,8,7,0.0,,525,462,13,10,48,27,1,-0.7684,55,7,79,6,28,8,-8,-3.4000000000000004,-29,-8,-4.0,-2.0,-3,3,2.0,,-89,-93,-3,-4,-10,8,4,-1.0909,-10,1,-73,-4,-12,-2,0,0,1,A,True,True,6,-4
15186624,3,L,Croatia,Ghana,2,1,68324,2026-06-27T21:00:00,53,0.42,8,4,0.0,0.0,3,9,1.0,,523,477,14,4,39,23,0,-0.0416,53,7,9,3,16,8,47,0.64,6,1,2.0,1.0,2,13,1.0,,455,402,13,9,38,11,2,-1.1302,47,8,9,3,18,7,6,-0.22000000000000003,2,3,-2.0,-1.0,1,-4,0.0,,68,75,1,-5,1,12,-2,1.0886,6,-1,0,0,-2,1,1,0,0,H,True,True,3,1
15186676,3,L,Panama,England,0,2,80663,2026-06-27T21:00:00,33,0.66,13,2,0.0,0.0,3,16,2.0,,268,202,16,6,48,34,4,0.0091000000000001,41,6,14,3,25,11,67,1.56,17,6,4.0,2.0,7,13,1.0,,558,490,18,5,49,20,2,0.212,59,10,39,4,20,17,-34,-0.9,-4,-4,-4.0,-2.0,-4,3,1.0,,-290,-288,-2,1,-1,14,2,-0.20289999999999989,-18,-4,-25,-1,5,-6,0,0,1,A,False,False,2,-2
15186696,3,K,Colombia,Portugal,0,0,64478,2026-06-27T23:30:00,55,1.7,24,6,2.0,,5,12,1.0,,544,485,15,6,34,16,2,0.4723,44,4,34,3,25,8,45,0.93,13,2,2.0,,2,6,0.0,,446,405,9,13,39,22,6,0.6097,56,8,13,2,20,5,10,0.7699999999999999,11,4,0.0,,3,6,1.0,,98,80,6,-7,-5,-6,-4,-0.13740000000000002,-12,-4,21,1,5,3,0,1,0,D,False,False,0,0
15186717,3,K,DR Congo,Uzbekistan,3,1,68239,2026-06-27T23:30:00,58,2.18,19,4,3.0,2.0,2,6,3.0,,485,400,20,7,64,25,1,-0.7067,48,11,30,6,28,13,42,0.2,3,1,0.0,0.0,4,16,2.0,,355,269,29,12,51,38,1,-0.6521,52,5,7,2,21,18,16,1.9800000000000002,16,3,3.0,2.0,-2,-10,1.0,,130,131,-9,-5,13,-13,0,-0.05459999999999998,-4,6,23,4,7,-5,1,0,0,H,True,True,4,2
15186747,3,J,Algeria,Austria,3,3,69045,2026-06-28T02:00:00,65,1.67,12,5,3.0,2.0,0,3,0.0,,754,706,11,4,28,18,0,-1.6843,55,13,22,0,26,5,35,1.49,10,3,3.0,2.0,3,7,1.0,,396,346,11,10,37,19,2,-0.2144,45,4,18,3,14,4,30,0.17999999999999994,2,2,0.0,0.0,-3,-4,-1.0,,358,360,0,-6,-9,-1,-2,-1.4699,10,9,4,-3,12,1,0,1,0,D,True,True,6,0
15186734,3,J,Jordan,Argentina,1,3,70649,2026-06-28T02:00:00,27,0.76,5,1,1.0,1.0,2,13,3.0,,285,228,16,19,41,13,1,-1.5516,52,9,4,2,14,8,73,2.13,12,4,3.0,1.0,6,7,0.0,,801,737,14,12,38,9,0,-0.2797,48,3,15,3,15,5,-46,-1.3699999999999999,-7,-3,-2.0,0.0,-4,6,3.0,,-516,-509,2,7,3,4,1,-1.2719,4,6,-11,-1,-1,3,0,0,1,A,True,True,4,-2
