match_id,team,team_id,rival,rival_id,is_home,round,group_sign,goals_scored,goals_conceded,goal_difference,result,over_2_5,btts,clean_sheet,possession_pct,xG,total_shots,shots_on_target,big_chances,big_chances_scored,corners,fouls_committed,yellow_cards,red_cards,passes_attempted,passes_completed,tackles,interceptions,recoveries,clearances,gk_saves,goals_prevented,duels_won_pct,dribble_success_pct,touches_opp_box,attendance,venue_country,start_timestamp,start_datetime,kilometersCovered,numberOfSprints,freeKicks,hitWoodwork,shotsOffGoal,blockedScoringAttempt,totalShotsInsideBox,totalShotsOutsideBox,bigChanceMissed,fouledFinalThird,offsides,throwIns,finalThirdEntries,finalThirdPhaseStatistic,accurateLongBalls,accurateCross,dispossessed,groundDuelsPercentage,aerialDuelsPercentage,wonTacklePercent,errorsLeadToShot,diveSaves,highClaims,punches,goalKicks,accurateThroughBall,errorsLeadToGoal,penaltySaves,group_name,home_team_name,away_team_name,home_score,away_score,home_team_id,away_team_id,is_group_stage,is_knockout
15186624,Croatia,4715,Ghana,4764,True,3,L,2,1,1,W,True,True,False,53,0.42,8,4,0.0,0.0,3,9,1.0,,523,477,14,4,39,23,0,-0.0416,53,7,9,68324.0,USA,1782594000,2026-06-27T21:00:00,98.3,79.0,13,1,2,2,3,5,0.0,2.0,1.0,16,49,75,16,3,7,34,8,8,0.0,0.0,0.0,1.0,7,,,,Group L,Croatia,Ghana,2,1,4715,4764,True,False
15186624,Ghana,4764,Croatia,4715,False,3,L,1,2,-1,L,True,True,False,47,0.64,6,1,2.0,1.0,2,13,1.0,,455,402,13,9,38,11,2,-1.1302,47,8,9,68324.0,USA,1782594000,2026-06-27T21:00:00,97.17,104.0,9,0,3,2,3,3,1.0,1.0,2.0,10,60,45,18,3,4,29,9,7,2.0,1.0,2.0,0.0,5,,,,Group L,Croatia,Ghana,2,1,4715,4764,True,False
15186676,Panama,5164,England,4713,True,3,L,0,2,-2,L,False,False,False,33,0.66,13,2,0.0,0.0,3,16,2.0,,268,202,16,6,48,34,4,0.0091000000000001,41,6,14,80663.0,USA,1782594000,2026-06-27T21:00:00,101.4,106.0,13,0,8,3,8,5,0.0,2.0,4.0,24,38,29,25,3,9,32,11,11,0.0,1.0,,0.0,12,0.0,,,Group L,Panama,England,0,2,5164,4713,True,False
15186676,England,4713,Panama,5164,False,3,L,2,0,2,W,False,False,True,67,1.56,17,6,4.0,2.0,7,13,1.0,,558,490,18,5,49,20,2,0.212,59,10,39,80663.0,USA,1782594000,2026-06-27T21:00:00,104.55,164.0,16,0,8,3,12,5,2.0,1.0,4.0,14,68,139,20,4,8,44,17,17,3.0,1.0,,1.0,8,6.0,,,Group L,Panama,England,0,2,5164,4713,True,False
15186717,DR Congo,4823,Uzbekistan,4723,True,3,K,3,1,2,W,True,True,False,58,2.18,19,4,3.0,2.0,2,6,3.0,,485,400,20,7,64,25,1,-0.7067,48,11,30,68239.0,USA,1782603000,2026-06-27T23:30:00,104.73,92.0,15,0,14,1,11,8,1.0,3.0,3.0,26,63,90,28,6,17,46,12,13,0.0,1.0,0.0,0.0,7,,,,Group K,DR Congo,Uzbekistan,3,1,4823,4723,True,False
15186717,Uzbekistan,4723,DR Congo,4823,False,3,K,1,3,-2,L,True,True,False,42,0.2,3,1,0.0,0.0,4,16,2.0,,355,269,29,12,51,38,1,-0.6521,52,5,7,68239.0,USA,1782603000,2026-06-27T23:30:00,106.28,106.0,6,0,2,0,2,1,0.0,1.0,1.0,23,51,61,21,2,9,40,23,18,1.0,0.0,1.0,1.0,15,,,,Group K,DR Congo,Uzbekistan,3,1,4823,4723,True,False
15186696,Colombia,4820,Portugal,4704,True,3,K,0,0,0,D,False,False,True,55,1.7,24,6,2.0,,5,12,1.0,,544,485,15,6,34,16,2,0.4723,44,4,34,64478.0,USA,1782603000,2026-06-27T23:30:00,97.87,112.0,6,0,11,7,15,9,2.0,0.0,3.0,10,57,167,25,3,7,24,5,8,1.0,0.0,,0.0,14,0.0,,,Group K,Colombia,Portugal,0,0,4820,4704,True,False
15186696,Portugal,4704,Colombia,4820,False,3,K,0,0,0,D,False,False,True,45,0.93,13,2,2.0,,2,6,0.0,,446,405,9,13,39,22,6,0.6097,56,8,13,64478.0,USA,1782603000,2026-06-27T23:30:00,98.9,85.0,12,0,7,4,5,8,2.0,2.0,2.0,9,50,94,20,2,7,29,8,5,0.0,2.0,,1.0,9,1.0,,,Group K,Colombia,Portugal,0,0,4820,4704,True,False
15186747,Algeria,4691,Austria,4718,True,3,J,3,3,0,D,True,True,False,65,1.67,12,5,3.0,2.0,0,3,0.0,,754,706,11,4,28,18,0,-1.6843,55,13,22,69045.0,USA,1782612000,2026-06-28T02:00:00,97.43,99.0,7,1,5,2,6,6,1.0,1.0,1.0,16,62,112,26,0,5,30,4,5,0.0,,,,9,1.0,1.0,,Group J,Algeria,Austria,3,3,4691,4718,True,False
15186747,Austria,4718,Algeria,4691,False,3,J,3,3,0,D,True,True,False,35,1.49,10,3,3.0,2.0,3,7,1.0,,396,346,11,10,37,19,2,-0.2144,45,4,18,69045.0,USA,1782612000,2026-06-28T02:00:00,99.96,100.0,3,0,6,1,6,4,1.0,0.0,3.0,10,39,75,14,3,8,18,10,4,1.0,,,,6,1.0,0.0,,Group J,Algeria,Austria,3,3,4691,4718,True,False
15186734,Jordan,4771,Argentina,4819,True,3,J,1,3,-2,L,True,True,False,27,0.76,5,1,1.0,1.0,2,13,3.0,,285,228,16,19,41,13,1,-1.5516,52,9,4,70649.0,USA,1782612000,2026-06-28T02:00:00,96.46,65.0,7,0,2,2,2,3,0.0,1.0,1.0,11,36,44,14,2,7,32,2,8,1.0,,,,9,,,,Group J,Jordan,Argentina,1,3,4771,4819,True,False
15186734,Argentina,4819,Jordan,4771,False,3,J,3,1,2,W,True,True,False,73,2.13,12,4,3.0,1.0,6,7,0.0,,801,737,14,12,38,9,0,-0.2797,48,3,15,70649.0,USA,1782612000,2026-06-28T02:00:00,94.05,59.0,12,2,7,1,6,6,2.0,6.0,3.0,19,60,115,15,3,10,29,3,5,1.0,,,,4,,,,Group J,Jordan,Argentina,1,3,4771,4819,True,False
12813000,South Africa,4736,Canada,4752,True,6,,0,1,-1,L,False,False,False,58,0.14,6,1,0.0,,1,10,0.0,,554,466,22,15,49,33,5,0.6714,51,12,8,69237.0,USA,1782673200,2026-06-28T19:00:00,97.56,110.0,16,0,4,1,1,5,0.0,0.0,1.0,17,57,54,31,2,14,50,10,13,1.0,,0.0,,12,1.0,,,,South Africa,Canada,0,1,4736,4752,False,True
12813000,Canada,4752,South Africa,4736,False,6,,1,0,1,W,False,False,True,42,1.38,12,7,4.0,,4,16,2.0,,379,298,20,8,56,16,1,0.1064,49,7,25,69237.0,USA,1782673200,2026-06-28T19:00:00,103.43,128.0,10,0,5,0,9,3,4.0,2.0,0.0,21,62,78,15,5,8,35,22,15,0.0,,1.0,,4,1.0,,,,South Africa,Canada,0,1,4736,4752,False,True
12813012,Brazil,4748,Japan,4770,True,6,,2,1,1,W,True,True,False,69,2.07,19,7,5.0,2.0,6,4,2.0,,682,625,12,9,39,19,1,-0.2167,55,6,35,68777.0,USA,1782752400,2026-06-29T17:00:00,98.13,92.0,13,1,6,6,12,7,3.0,4.0,1.0,21,104,210,21,10,6,28,13,7,0.0,0.0,0.0,0.0,4,,1.0,,,Brazil,Japan,2,1,4748,4770,False,True
12813012,Japan,4770,Brazil,4748,False,6,,1,2,-1,L,True,True,False,31,0.33,5,2,0.0,0.0,2,13,3.0,,313,260,10,6,33,45,4,-0.5524,45,5,10,68777.0,USA,1782752400,2026-06-29T17:00:00,102.29,99.0,4,0,1,2,2,3,0.0,1.0,0.0,16,44,55,24,2,9,19,15,4,1.0,2.0,4.0,2.0,10,,1.0,,,Brazil,Japan,2,1,4748,4770,False,True
12813014,Germany,4711,Paraguay,4789,True,6,,4,5,-1,L,True,True,False,76,1.57,21,6,2.0,1.0,16,18,2.0,,805,725,13,4,77,23,2,-0.5149,45,15,43,63945.0,USA,1782765000,2026-06-29T20:30:00,134.11,102.0,12,0,7,8,11,10,2.0,6.0,4.0,23,127,255,27,9,13,40,21,7,1.0,0.0,0.0,1.0,5,,,,,Germany,Paraguay,4,5,4711,4789,False,True
12813014,Paraguay,4789,Germany,4711,False,6,,5,4,1,W,True,True,False,24,0.35,7,3,3.0,1.0,6,12,2.0,,255,160,33,13,62,55,6,0.8655,55,8,12,63945.0,USA,1782765000,2026-06-29T20:30:00,121.81,89.0,18,0,2,2,6,1,2.0,2.0,1.0,12,56,40,20,6,7,57,19,20,1.0,1.0,3.0,1.0,14,,,,,Germany,Paraguay,4,5,4711,4789,False,True
12812998,Netherlands,4705,Morocco,4778,True,6,,3,4,-1,L,True,True,False,30,0.24,6,2,1.0,1.0,5,18,0.0,,371,292,19,11,46,22,5,1.2775,50,2,17,51243.0,Mexico,1782781200,2026-06-30T01:00:00,104.79,110.0,15,0,1,3,4,2,0.0,0.0,3.0,28,60,45,16,3,7,35,18,10,1.0,2.0,,0.0,8,0.0,,,,Netherlands,Morocco,3,4,4705,4778,False,True
12812998,Morocco,4778,Netherlands,4705,False,6,,4,3,1,W,True,True,False,70,1.38,11,5,5.0,1.0,8,15,1.0,,879,801,19,11,51,34,1,-0.8401,50,8,20,51243.0,Mexico,1782781200,2026-06-30T01:00:00,102.58,123.0,18,1,4,2,7,4,4.0,2.0,0.0,17,101,154,21,4,6,41,12,14,0.0,1.0,,1.0,5,3.0,,,,Netherlands,Morocco,3,4,4705,4778,False,True
12812989,Côte d'Ivoire,4768,Norway,4475,True,6,,1,2,-1,L,True,True,False,47,1.49,14,5,3.0,1.0,14,6,0.0,,401,339,24,4,44,11,1,0.0177,55,7,48,69661.0,USA,1782838800,2026-06-30T17:00:00,94.68,98.0,7,0,9,1,10,4,2.0,2.0,2.0,16,38,101,17,7,6,38,12,18,,0.0,,0.0,3,0.0,,,,Côte d'Ivoire,Norway,1,2,4768,4475,False,True
12812989,Norway,4475,Côte d'Ivoire,4768,False,6,,2,1,1,W,True,True,False,53,1.9,9,4,4.0,1.0,3,7,1.0,,474,415,19,5,34,37,4,0.3956,45,3,26,69661.0,USA,1782838800,2026-06-30T17:00:00,99.65,126.0,6,0,2,3,8,1,3.0,1.0,2.0,23,49,106,16,5,9,25,16,11,,1.0,,2.0,12,2.0,,,,Côte d'Ivoire,Norway,1,2,4768,4475,False,True
12812995,France,4481,Sweden,4688,True,6,,3,0,3,W,True,False,True,61,3.24,25,12,7.0,2.0,9,14,,,551,484,13,5,46,23,3,0.6458,53,11,35,80663.0,USA,1782853200,2026-06-30T21:00:00,94.06,95.0,10,2,9,4,16,9,5.0,1.0,3.0,10,62,180,17,4,3,33,13,7,,1.0,0.0,,8,3.0,,,,France,Sweden,3,0,4481,4688,False,True
12812995,Sweden,4688,France,4481,False,6,,0,3,-3,L,True,False,False,39,0.7,8,3,1.0,0.0,1,10,,,350,278,13,12,35,26,9,0.8322,47,7,14,80663.0,USA,1782853200,2026-06-30T21:00:00,94.24,82.0,14,0,4,1,7,1,1.0,0.0,1.0,19,49,64,11,3,9,33,7,9,,3.0,1.0,,8,1.0,,,,France,Sweden,3,0,4481,4688,False,True
12813001,Mexico,4781,Ecuador,4757,True,6,,2,0,2,W,False,False,True,43,1.05,15,3,2.0,,3,10,0.0,0.0,316,248,10,7,35,39,1,0.6306,54,6,20,80824.0,Mexico,1782871200,2026-07-01T02:00:00,99.95,95.0,14,0,9,3,10,5,2.0,1.0,0.0,16,58,60,27,4,6,29,23,5,,1.0,1.0,2.0,13,1.0,0.0,,,Mexico,Ecuador,2,0,4781,4757,False,True
12813001,Ecuador,4757,Mexico,4781,False,6,,0,2,-2,L,False,False,False,57,0.75,7,1,1.0,,8,14,3.0,1.0,410,341,11,6,34,19,1,-0.8632,46,8,21,80824.0,Mexico,1782871200,2026-07-01T02:00:00,83.88,87.0,10,1,5,1,5,2,1.0,1.0,1.0,22,72,90,17,3,4,29,15,8,,1.0,0.0,0.0,14,1.0,1.0,,,Mexico,Ecuador,2,0,4781,4757,False,True
12813020,England,4713,DR Congo,4823,True,6,,2,1,1,W,True,True,False,60,2.16,16,7,7.0,1.0,5,10,1.0,,517,468,11,7,44,23,1,-0.6954,49,7,40,68239.0,USA,1782921600,2026-07-01T16:00:00,102.99,121.0,12,0,6,3,13,3,6.0,4.0,0.0,15,77,169,19,9,10,30,14,6,,0.0,0.0,0.0,5,2.0,1.0,,,England,DR Congo,2,1,4713,4823,False,True
12813020,DR Congo,4823,England,4713,False,6,,1,2,-1,L,True,True,False,40,0.77,7,2,1.0,0.0,3,12,1.0,,365,299,20,3,35,36,5,0.4435,51,6,11,68239.0,USA,1782921600,2026-07-01T16:00:00,103.52,103.0,10,1,3,2,2,5,1.0,2.0,4.0,24,49,58,18,1,5,36,9,8,,2.0,2.0,2.0,16,0.0,0.0,,,England,DR Congo,2,1,4713,4823,False,True
12813013,Belgium,4717,Senegal,4739,True,6,,3,2,1,W,True,True,False,52,1.74,19,5,3.0,3.0,4,22,1.0,,701,602,12,8,64,28,3,-0.1511,53,11,37,66925.0,USA,1782936000,2026-07-01T20:00:00,141.64,123.0,11,1,9,5,11,8,0.0,2.0,2.0,16,72,130,25,7,5,34,28,5,1.0,0.0,1.0,,10,0.0,0.0,,,Belgium,Senegal,3,2,4717,4739,False,True
12813013,Senegal,4739,Belgium,4717,False,6,,2,3,-1,L,True,True,False,48,3.58,19,5,6.0,2.0,2,12,1.0,,639,536,12,11,60,31,3,-0.696,47,9,30,66925.0,USA,1782936000,2026-07-01T20:00:00,135.44,108.0,22,2,11,3,10,9,4.0,2.0,2.0,19,92,152,34,5,6,40,15,4,0.0,1.0,2.0,,12,2.0,1.0,,,Belgium,Senegal,3,2,4717,4739,False,True
12812992,USA,4724,Bosnia & Herzegovina,4479,True,6,,2,0,2,W,False,False,True,48,0.88,8,2,2.0,1.0,4,7,0.0,1.0,415,349,12,7,44,28,3,0.1339,59,9,23,68827.0,USA,1782950400,2026-07-02T00:00:00,107.14,108.0,13,1,4,2,6,2,1.0,5.0,3.0,20,61,77,17,3,5,34,13,8,,,1.0,0.0,4,1.0,0.0,,,USA,Bosnia & Herzegovina,2,0,4724,4479,False,True
12812992,Bosnia & Herzegovina,4479,USA,4724,False,6,,0,2,-2,L,False,False,False,52,0.25,10,3,0.0,0.0,3,13,1.0,0.0,447,365,15,7,31,26,0,-1.7104,41,3,7,68827.0,USA,1782950400,2026-07-02T00:00:00,109.05,105.0,7,0,4,3,5,5,0.0,1.0,0.0,20,52,60,12,0,4,25,8,12,,,0.0,2.0,11,0.0,1.0,,,USA,Bosnia & Herzegovina,2,0,4724,4479,False,True
12813004,Spain,4698,Austria,4718,True,6,,3,0,3,W,True,False,True,64,2.8,23,10,4.0,3.0,9,8,0.0,,629,570,19,6,46,15,0,0.0,64,7,51,70492.0,USA,1783018800,2026-07-02T19:00:00,100.42,107.0,15,1,6,7,15,8,1.0,3.0,2.0,15,53,139,23,7,8,41,12,12,0.0,0.0,1.0,0.0,7,,,,,Spain,Austria,3,0,4698,4718,False,True
12813004,Austria,4718,Spain,4698,False,6,,0,3,-3,L,True,False,False,36,0.32,5,0,1.0,0.0,0,15,1.0,,347,285,16,6,44,21,6,-0.8018,36,5,10,70492.0,USA,1783018800,2026-07-02T19:00:00,100.44,103.0,8,0,4,1,4,1,1.0,0.0,5.0,7,29,42,14,3,8,27,3,8,1.0,1.0,1.0,2.0,8,,,,,Spain,Austria,3,0,4698,4718,False,True
12812997,Portugal,4704,Croatia,4715,True,6,,2,1,1,W,True,True,False,60,2.2,15,3,3.0,1.0,9,6,1.0,,585,533,19,5,42,19,5,0.5085,57,12,19,43036.0,Canada,1783033200,2026-07-02T23:00:00,108.52,118.0,11,1,8,4,10,5,2.0,2.0,1.0,9,89,125,19,6,9,43,12,9,1.0,2.0,1.0,0.0,7,0.0,,,,Portugal,Croatia,2,1,4704,4715,False,True
12812997,Croatia,4715,Portugal,4704,False,6,,1,2,-1,L,True,True,False,40,1.34,13,6,4.0,1.0,5,12,2.0,,370,312,22,10,37,19,2,-0.1522,43,6,22,43036.0,Canada,1783033200,2026-07-02T23:00:00,111.25,114.0,6,1,5,2,10,3,3.0,1.0,4.0,14,24,57,18,7,17,34,8,11,0.0,0.0,0.0,1.0,14,1.0,,,,Portugal,Croatia,2,1,4704,4715,False,True
12813019,Switzerland,4699,Algeria,4691,True,6,,2,0,2,W,False,False,True,45,2.45,11,5,2.0,1.0,4,10,0.0,,438,355,20,17,50,23,2,0.2804,53,13,28,52497.0,Canada,1783047600,2026-07-03T03:00:00,102.62,108.0,12,0,4,2,9,2,1.0,1.0,0.0,20,38,55,21,4,9,45,15,14,,,,,9,1.0,0.0,,,Switzerland,Algeria,2,0,4699,4691,False,True
12813019,Algeria,4691,Switzerland,4699,False,6,,0,2,-2,L,False,False,False,55,0.74,8,2,2.0,0.0,2,12,2.0,,563,478,21,10,55,14,2,-0.7071,47,11,15,52497.0,Canada,1783047600,2026-07-03T03:00:00,101.83,82.0,10,0,3,3,5,3,2.0,0.0,2.0,17,71,91,29,1,9,42,11,9,,,,,6,0.0,1.0,,,Switzerland,Algeria,2,0,4699,4691,False,True
12813018,Australia,4741,Egypt,4758,True,6,,3,5,-2,L,True,True,False,42,0.84,16,1,0.0,0.0,4,12,0.0,,505,403,10,9,44,31,3,0.1423,51,11,34,70244.0,USA,1783101600,2026-07-03T18:00:00,126.82,90.0,14,1,6,9,11,5,0.0,3.0,0.0,26,81,94,20,7,10,34,30,7,,,,1.0,9,,,,,Australia,Egypt,3,5,4741,4758,False,True
12813018,Egypt,4758,Australia,4741,False,6,,5,3,2,W,True,True,False,58,1.32,14,3,3.0,1.0,7,14,2.0,,722,613,15,8,41,37,1,-0.9349,49,9,30,70244.0,USA,1783101600,2026-07-03T18:00:00,119.1,70.0,12,0,5,6,8,6,2.0,2.0,3.0,19,74,131,36,6,3,35,27,7,,,,1.0,12,,,,,Australia,Egypt,3,5,4741,4758,False,True
12812999,Argentina,4819,Cabo Verde,4753,True,6,,3,2,1,W,True,True,False,64,2.26,22,10,3.0,1.0,8,13,1.0,,850,779,22,9,46,24,3,-0.5216,51,10,52,64478.0,USA,1783116000,2026-07-03T22:00:00,116.93,84.0,12,0,5,7,15,7,2.0,5.0,3.0,16,81,238,25,6,13,43,14,13,1.0,2.0,,,11,7.0,,,,Argentina,Cabo Verde,3,2,4819,4753,False,True
12812999,Cabo Verde,4753,Argentina,4819,False,6,,2,3,-1,L,True,True,False,36,0.47,16,5,0.0,0.0,8,12,1.0,,476,409,19,9,51,26,8,-0.576,49,12,16,64478.0,USA,1783116000,2026-07-03T22:00:00,128.96,98.0,13,0,5,6,6,10,0.0,2.0,2.0,18,57,75,23,5,10,42,12,7,1.0,2.0,,,8,0.0,,,,Argentina,Cabo Verde,3,2,4819,4753,False,True
12813011,Colombia,4820,Ghana,4764,True,6,,1,0,1,W,False,False,True,61,2.04,20,8,5.0,1.0,3,14,2.0,,586,532,12,5,41,24,0,0.0,49,5,19,69045.0,USA,1783128600,2026-07-04T01:30:00,99.92,128.0,10,0,8,4,12,8,4.0,1.0,2.0,15,54,98,32,5,6,27,8,8,0.0,0.0,,0.0,9,,,,,Colombia,Ghana,1,0,4820,4764,False,True
12813011,Ghana,4764,Colombia,4820,False,6,,0,1,-1,L,False,False,False,39,0.27,8,0,0.0,0.0,2,10,3.0,,376,312,13,5,42,11,7,1.6869,51,6,8,69045.0,USA,1783128600,2026-07-04T01:30:00,99.58,139.0,14,0,3,5,2,6,0.0,0.0,0.0,16,52,47,9,2,7,33,4,7,1.0,4.0,,1.0,12,,,,,Colombia,Ghana,1,0,4820,4764,False,True
12813009,Canada,4752,Morocco,4778,True,5,,0,3,-3,L,True,False,False,45,0.84,10,3,1.0,0.0,11,24,4.0,,359,272,18,5,43,10,1,-0.8518,48,5,33,68777.0,USA,1783184400,2026-07-04T17:00:00,107.4,154.0,14,0,4,3,6,4,1.0,4.0,2.0,24,57,87,12,8,8,37,17,9,1.0,0.0,0.0,0.0,1,,,,,Canada,Morocco,0,3,4752,4778,False,True
12813009,Morocco,4778,Canada,4752,False,5,,3,0,3,W,True,False,True,55,0.82,5,4,2.0,1.0,1,14,4.0,,473,388,13,9,44,47,3,0.533,52,6,9,68777.0,USA,1783184400,2026-07-04T17:00:00,100.53,133.0,24,1,1,0,3,2,1.0,1.0,3.0,23,37,34,17,1,10,40,19,9,0.0,1.0,2.0,3.0,3,,,,,Canada,Morocco,0,3,4752,4778,False,True
12813010,Paraguay,4789,France,4481,True,5,,0,1,-1,L,False,False,False,24,0.13,5,1,0.0,0.0,2,13,0.0,,183,98,29,14,39,21,4,0.8814,47,4,4,68324.0,USA,1783198800,2026-07-04T21:00:00,89.37,74.0,11,0,4,1,1,4,0.0,0.0,,19,42,13,12,0,3,44,6,21,1.0,2.0,1.0,1.0,12,,,,,Paraguay,France,0,1,4789,4481,False,True
12813010,France,4481,Paraguay,4789,False,5,,1,0,1,W,False,False,True,76,1.45,15,5,2.0,1.0,12,11,3.0,,569,510,13,10,49,27,1,0.3704,53,15,25,68324.0,USA,1783198800,2026-07-04T21:00:00,84.08,57.0,12,0,6,4,5,10,1.0,3.0,,17,87,198,23,1,14,39,17,7,1.0,0.0,3.0,1.0,7,,,,,Paraguay,France,0,1,4789,4481,False,True
12813006,Brazil,4748,Norway,4475,True,5,,1,2,-1,L,True,True,False,34,2.61,14,4,5.0,1.0,5,7,1.0,,331,279,23,11,40,21,3,-0.3412,50,10,33,80663.0,USA,1783281600,2026-07-05T20:00:00,97.27,93.0,4,1,6,4,10,4,4.0,3.0,1.0,13,46,99,17,1,6,39,4,10,1.0,2.0,0.0,0.0,4,1.0,,0.0,,Brazil,Norway,1,2,4748,4475,False,True
12813006,Norway,4475,Brazil,4748,False,5,,2,1,1,W,True,True,False,66,1.05,9,5,3.0,1.0,5,6,0.0,,681,618,14,6,40,18,4,0.7559,50,12,15,80663.0,USA,1783281600,2026-07-05T20:00:00,104.74,100.0,7,0,3,1,7,2,2.0,1.0,1.0,14,72,171,29,1,15,32,11,11,1.0,3.0,1.0,1.0,8,0.0,,1.0,,Brazil,Norway,1,2,4748,4475,False,True
12813007,Mexico,4781,England,4713,True,5,,2,3,-1,L,True,True,False,67,1.88,20,5,2.0,2.0,12,14,2.0,0.0,453,418,16,7,32,13,2,-0.0211,43,5,37,80824.0,Mexico,1783299600,2026-07-06T01:00:00,91.58,61.0,6,0,8,7,12,8,,2.0,1.0,24,75,160,28,13,12,27,11,7,,0.0,0.0,1.0,4,0.0,1.0,,,Mexico,England,2,3,4781,4713,False,True
12813007,England,4713,Mexico,4781,False,5,,3,2,1,W,True,True,False,33,1.61,6,5,3.0,3.0,2,7,4.0,1.0,244,195,18,4,30,49,3,-0.1812,57,9,14,80824.0,Mexico,1783299600,2026-07-06T01:00:00,91.61,60.0,13,1,1,0,4,2,,1.0,0.0,12,38,29,21,1,6,40,11,9,,2.0,1.0,5.0,13,1.0,1.0,,,Mexico,England,2,3,4781,4713,False,True
12812990,Portugal,4704,Spain,4698,True,5,,0,1,-1,L,False,False,False,45,0.63,10,2,1.0,0.0,3,9,2.0,,427,357,14,7,50,23,5,0.4624,57,10,11,70649.0,USA,1783364400,2026-07-06T19:00:00,101.05,102.0,13,1,5,3,7,3,1.0,2.0,2.0,20,59,81,23,4,5,36,11,9,4.0,1.0,2.0,1.0,6,0.0,,,,Portugal,Spain,0,1,4704,4698,False,True
12812990,Spain,4698,Portugal,4704,False,5,,1,0,1,W,False,False,True,55,1.69,15,6,3.0,1.0,7,13,1.0,,530,467,18,6,47,13,2,0.8905,43,5,27,70649.0,USA,1783364400,2026-07-06T19:00:00,101.93,99.0,9,0,6,3,8,7,2.0,3.0,1.0,17,47,121,16,1,9,31,4,13,1.0,0.0,2.0,0.0,6,4.0,,,,Portugal,Spain,0,1,4704,4698,False,True
12813002,USA,4724,Belgium,4717,True,5,,1,4,-3,L,True,True,False,56,0.63,7,2,0.0,0.0,3,11,2.0,,527,459,20,9,51,23,3,-0.4881,49,11,12,,USA,1783382400,2026-07-07T00:00:00,103.92,83.0,9,0,5,0,5,2,0.0,1.0,0.0,25,66,98,19,2,14,40,12,9,2.0,1.0,1.0,,6,2.0,3.0,,,USA,Belgium,1,4,4724,4717,False,True
12813002,Belgium,4717,USA,4724,False,5,,4,1,3,W,True,True,False,44,2.01,15,7,4.0,2.0,5,9,0.0,,414,334,22,9,54,18,1,-0.7802,51,10,22,,USA,1783382400,2026-07-07T00:00:00,102.88,93.0,11,0,4,4,10,5,2.0,0.0,1.0,18,46,61,18,5,10,43,12,10,1.0,0.0,1.0,,7,0.0,0.0,,,USA,Belgium,1,4,4724,4717,False,True
12812993,Argentina,4819,Egypt,4758,True,5,,3,2,1,W,True,True,False,64,2.84,19,7,6.0,2.0,6,13,0.0,,602,541,20,7,48,14,0,-0.7852,52,11,34,68239.0,USA,1783440000,2026-07-07T16:00:00,,,10,1,8,4,11,8,4.0,6.0,3.0,19,73,191,18,8,11,42,8,15,1.0,0.0,0.0,0.0,2,2.0,,0.0,,Argentina,Egypt,3,2,4819,4758,False,True
12812993,Egypt,4758,Argentina,4819,False,5,,2,3,-1,L,True,True,False,36,0.89,5,2,2.0,2.0,1,11,4.0,,349,287,16,9,36,44,4,-0.3391,48,11,8,68239.0,USA,1783440000,2026-07-07T16:00:00,,,13,0,3,1,4,1,0.0,1.0,0.0,25,27,36,13,2,5,40,7,7,0.0,2.0,1.0,3.0,13,1.0,,1.0,,Argentina,Egypt,3,2,4819,4758,False,True
12812991,Switzerland,4699,Colombia,4820,True,5,,4,3,1,W,True,True,False,53,0.39,7,2,0.0,,3,22,3.0,,631,547,12,14,49,35,3,0.8471,49,8,18,52497.0,Canada,1783454400,2026-07-07T20:00:00,,,21,0,4,1,4,3,0.0,2.0,5.0,22,65,101,32,1,6,39,19,7,2.0,2.0,1.0,,11,1.0,,,,Switzerland,Colombia,4,3,4699,4820,False,True
12812991,Colombia,4820,Switzerland,4699,False,5,,3,4,-1,L,True,True,False,47,1.09,15,3,2.0,,7,21,2.0,,547,454,17,13,56,22,2,0.0881,51,10,21,52497.0,Canada,1783454400,2026-07-07T20:00:00,,,22,2,8,4,9,6,2.0,4.0,4.0,19,58,62,33,3,6,47,14,8,1.0,0.0,0.0,,9,0.0,,,,Switzerland,Colombia,4,3,4699,4820,False,True
15186840,Spain,4698,Saudi Arabia,4834,True,2,H,4,0,4,W,True,False,True,67,2.3,22,8,5.0,3.0,6,10,0.0,,726,668,10,13,55,17,1,0.0964,44,7,37,68239.0,USA,1782057600,2026-06-21T16:00:00,107.0,128.0,2,1,12,2,13,9,2.0,,2.0,16,66,213,28,7,6,18,11,8,1.0,1.0,1.0,,1,2.0,,,Group H,Spain,Saudi Arabia,4,0,4698,4834,True,False
15186840,Saudi Arabia,4834,Spain,4698,False,2,H,0,4,-4,L,True,False,False,33,0.14,3,1,0.0,0.0,1,2,2.0,,364,294,15,13,37,35,5,-0.5481,56,8,2,68239.0,USA,1782057600,2026-06-21T16:00:00,110.95,122.0,10,0,1,1,0,3,0.0,,3.0,15,44,55,14,0,6,33,4,12,4.0,1.0,0.0,,16,0.0,,,Group H,Spain,Saudi Arabia,4,0,4698,4834,True,False
15186499,Belgium,4717,Iran,4766,True,2,G,0,0,0,D,False,False,True,70,1.79,23,7,1.0,,4,7,1.0,1.0,621,533,12,3,63,11,3,0.8693,55,14,42,70317.0,USA,1782068400,2026-06-21T19:00:00,103.19,78.0,9,0,10,6,20,3,1.0,3.0,3.0,26,79,205,12,6,12,34,18,7,1.0,2.0,0.0,0.0,4,2.0,,,Group G,Belgium,Iran,0,0,4717,4766,True,False
15186499,Iran,4766,Belgium,4717,False,2,G,0,0,0,D,False,False,True,30,0.62,7,3,1.0,,2,9,1.0,0.0,270,198,19,12,52,51,7,1.489,45,2,15,70317.0,USA,1782068400,2026-06-21T19:00:00,104.21,69.0,7,0,3,1,6,1,1.0,1.0,4.0,8,43,30,18,2,9,26,17,11,2.0,1.0,3.0,1.0,12,0.0,,,Group G,Belgium,Iran,0,0,4717,4766,True,False
15186800,Uruguay,4725,Cabo Verde,4753,True,2,H,2,2,0,D,True,True,False,65,2.32,17,2,2.0,2.0,11,11,2.0,,511,420,16,7,44,11,2,-0.741,46,7,34,64003.0,USA,1782079200,2026-06-21T22:00:00,101.69,139.0,4,1,8,7,9,8,,1.0,3.0,30,74,142,23,4,5,27,20,8,,,0.0,,4,0.0,2.0,,Group H,Uruguay,Cabo Verde,2,2,4725,4753,True,False
15186800,Cabo Verde,4753,Uruguay,4725,False,2,H,2,2,0,D,True,True,False,35,0.88,12,4,1.0,1.0,4,4,2.0,,278,205,16,13,43,48,0,-0.3494,54,12,10,64003.0,USA,1782079200,2026-06-21T22:00:00,97.45,91.0,11,0,4,4,2,10,,3.0,0.0,19,31,21,18,2,11,39,16,15,,,1.0,,12,1.0,0.0,,Group H,Uruguay,Cabo Verde,2,2,4725,4753,True,False
15186827,New Zealand,4784,Egypt,4758,True,2,G,1,3,-2,L,True,True,False,44,1.24,11,5,3.0,1.0,4,14,2.0,,421,337,12,4,55,22,4,-0.4503,44,7,17,52497.0,Canada,1782090000,2026-06-22T01:00:00,94.11,83.0,8,0,3,3,6,5,2.0,0.0,3.0,21,45,53,20,3,8,27,16,6,2.0,0.0,0.0,0.0,10,,,,Group G,New Zealand,Egypt,1,3,4784,4758,True,False
15186827,Egypt,4758,New Zealand,4784,False,2,G,3,1,2,W,True,True,False,56,1.87,19,7,3.0,1.0,3,8,1.0,,526,460,16,6,56,37,4,0.6235,56,7,36,52497.0,Canada,1782090000,2026-06-22T01:00:00,81.76,96.0,14,0,6,6,12,7,2.0,5.0,0.0,23,73,135,22,7,7,34,20,13,2.0,2.0,2.0,3.0,3,,,,Group G,New Zealand,Egypt,1,3,4784,4758,True,False
15186502,Argentina,4819,Austria,4718,True,2,J,2,0,2,W,False,False,True,54,2.36,12,5,3.0,,1,13,2.0,,554,494,21,8,42,35,1,0.0489,52,6,19,70649.0,USA,1782147600,2026-06-22T17:00:00,82.32,68.0,12,0,4,3,10,2,3.0,4.0,2.0,12,40,75,12,1,7,39,11,11,0.0,,2.0,,6,2.0,,,Group J,Argentina,Austria,2,0,4819,4718,True,False
15186502,Austria,4718,Argentina,4819,False,2,J,0,2,-2,L,False,False,False,46,0.53,6,1,1.0,,3,13,2.0,,468,401,12,9,27,15,2,-0.4881,48,6,18,70649.0,USA,1782147600,2026-06-22T17:00:00,93.8,65.0,13,0,5,0,4,2,1.0,4.0,0.0,20,58,110,11,3,11,30,16,7,1.0,,0.0,,4,0.0,,,Group J,Argentina,Austria,2,0,4819,4718,True,False
15186769,France,4481,Iraq,4767,True,2,I,3,0,3,W,True,False,True,56,2.67,19,5,5.0,2.0,4,8,0.0,,603,540,14,5,53,9,0,0.0,51,12,41,68324.0,USA,1782162000,2026-06-22T21:00:00,96.08,84.0,4,1,10,4,12,7,3.0,0.0,1.0,17,87,197,17,2,8,30,10,9,0.0,,,0.0,4,3.0,0.0,,Group I,France,Iraq,3,0,4481,4767,True,False
15186769,Iraq,4767,France,4481,False,2,I,0,3,-3,L,True,False,False,44,0.63,4,0,1.0,0.0,2,4,1.0,,481,413,16,10,44,28,2,-0.7237,49,6,7,68324.0,USA,1782162000,2026-06-22T21:00:00,100.08,80.0,8,0,3,1,3,1,1.0,1.0,0.0,15,32,34,21,4,9,30,8,8,1.0,,,2.0,14,0.0,1.0,,Group I,France,Iraq,3,0,4481,4767,True,False
15186770,Norway,4475,Senegal,4739,True,2,I,3,2,1,W,True,True,False,42,2.2,13,7,5.0,2.0,5,13,,,353,282,10,8,44,26,2,-0.6466,40,5,24,80663.0,USA,1782172800,2026-06-23T00:00:00,105.93,135.0,5,1,3,3,11,2,3.0,0.0,0.0,16,45,60,25,3,12,18,20,9,0.0,,0.0,,10,2.0,0.0,,Group I,Norway,Senegal,3,2,4475,4739,True,False
15186770,Senegal,4739,Norway,4475,False,2,I,2,3,-1,L,True,True,False,58,1.72,16,4,3.0,2.0,4,5,,,489,430,16,10,42,18,3,-1.049,60,11,26,80663.0,USA,1782172800,2026-06-23T00:00:00,94.66,127.0,13,0,7,5,10,6,1.0,1.0,4.0,20,64,134,37,8,4,40,17,7,2.0,,1.0,,4,1.0,2.0,,Group I,Norway,Senegal,3,2,4475,4739,True,False
15186740,Jordan,4771,Algeria,4691,True,2,J,1,2,-1,L,True,True,False,28,0.63,8,4,1.0,0.0,1,11,1.0,,251,181,30,3,56,36,6,0.0972,48,7,13,68371.0,USA,1782183600,2026-06-23T03:00:00,105.01,86.0,6,0,4,0,4,4,1.0,2.0,1.0,28,37,35,23,2,9,42,18,17,1.0,1.0,0.0,3.0,7,1.0,0.0,,Group J,Jordan,Algeria,1,2,4771,4691,True,False
15186740,Algeria,4691,Jordan,4771,False,2,J,2,1,1,W,True,True,False,72,1.89,17,8,3.0,1.0,10,6,1.0,,641,561,25,11,58,15,3,-0.3806,52,14,30,68371.0,USA,1782183600,2026-06-23T03:00:00,103.18,82.0,11,0,4,5,11,6,2.0,4.0,0.0,23,88,136,19,5,11,49,16,18,0.0,0.0,1.0,0.0,6,2.0,1.0,,Group J,Jordan,Algeria,1,2,4771,4691,True,False
15186858,Portugal,4704,Uzbekistan,4723,True,2,K,5,0,5,W,True,False,True,66,2.61,17,9,7.0,2.0,3,14,1.0,,624,561,14,6,50,16,2,0.092,55,14,36,68777.0,USA,1782234000,2026-06-23T17:00:00,101.7,135.0,15,0,5,3,12,5,5.0,8.0,2.0,20,78,137,22,5,6,43,11,10,0.0,0.0,2.0,1.0,5,5.0,,,Group K,Portugal,Uzbekistan,5,0,4704,4723,True,False
15186858,Uzbekistan,4723,Portugal,4704,False,2,K,0,5,-5,L,True,False,False,34,0.24,7,2,0.0,0.0,2,15,1.0,,327,262,18,14,46,30,4,-1.5059,45,8,6,68777.0,USA,1782234000,2026-06-23T17:00:00,103.33,128.0,14,0,2,3,4,3,0.0,2.0,2.0,16,31,52,9,0,7,39,6,13,3.0,2.0,0.0,0.0,6,0.0,,,Group K,Portugal,Uzbekistan,5,0,4704,4723,True,False
15186672,England,4713,Ghana,4764,True,2,L,0,0,0,D,False,False,True,79,1.36,19,3,2.0,,9,14,1.0,,633,586,14,1,33,6,0,0.0,56,7,33,63983.0,USA,1782244800,2026-06-23T20:00:00,97.21,98.0,24,1,10,6,14,5,2.0,6.0,2.0,22,88,173,14,7,12,43,18,7,0.0,,,0.0,1,0.0,,,Group L,England,Ghana,0,0,4713,4764,True,False
15186672,Ghana,4764,England,4713,False,2,L,0,0,0,D,False,False,True,21,0.17,2,1,1.0,,2,24,1.0,,172,127,22,8,28,39,3,0.3704,44,4,10,63983.0,USA,1782244800,2026-06-23T20:00:00,97.26,83.0,14,0,0,1,2,0,1.0,0.0,2.0,9,40,22,24,0,8,39,8,17,2.0,,,1.0,12,1.0,,,Group L,England,Ghana,0,0,4713,4764,True,False
15186520,Panama,5164,Croatia,4715,True,2,L,0,1,-1,L,False,False,False,42,0.55,8,1,1.0,0.0,7,19,1.0,,352,277,10,5,49,29,1,0.2143,48,11,19,43036.0,Canada,1782255600,2026-06-23T23:00:00,97.65,105.0,12,0,5,2,6,2,1.0,2.0,1.0,14,55,67,25,6,11,32,26,5,0.0,1.0,,,6,0.0,,,Group L,Panama,Croatia,0,1,5164,4715,True,False
15186520,Croatia,4715,Panama,5164,False,2,L,1,0,1,W,False,False,True,58,1.65,6,2,3.0,1.0,2,12,1.0,,512,432,19,5,48,38,1,0.0383,52,11,15,43036.0,Canada,1782255600,2026-06-23T23:00:00,96.33,119.0,19,0,3,1,4,2,2.0,3.0,2.0,14,59,78,19,5,10,48,15,7,1.0,1.0,,,8,1.0,,,Group L,Panama,Croatia,0,1,5164,4715,True,False
15186713,Colombia,4820,DR Congo,4823,True,2,K,1,0,1,W,False,False,True,64,0.98,20,9,2.0,,5,12,2.0,,541,473,10,10,43,18,1,0.0768,57,3,24,45358.0,Mexico,1782266400,2026-06-24T02:00:00,93.81,90.0,16,1,5,6,11,9,2.0,1.0,7.0,13,63,116,40,3,8,28,19,6,0.0,1.0,,0.0,11,,,,Group K,Colombia,DR Congo,1,0,4820,4823,True,False
15186713,DR Congo,4823,Colombia,4820,False,2,K,0,1,-1,L,False,False,False,36,0.37,7,1,0.0,,4,16,1.0,,299,226,15,7,37,19,8,0.387,43,1,10,45358.0,Mexico,1782266400,2026-06-24T02:00:00,96.59,95.0,12,0,4,2,3,4,0.0,0.0,0.0,20,37,33,14,4,8,26,9,10,1.0,3.0,,1.0,11,,,,Group K,Colombia,DR Congo,1,0,4820,4823,True,False
15186829,Bosnia & Herzegovina,4479,Qatar,4792,True,3,B,3,1,2,W,True,True,False,54,0.68,14,5,1.0,0.0,5,9,1.0,,515,452,10,4,40,22,2,0.1389,60,8,20,66925.0,USA,1782327600,2026-06-24T19:00:00,98.3,105.0,14,1,4,5,4,10,1.0,4.0,1.0,12,45,69,30,3,8,32,10,9,,0.0,,,8,2.0,,,Group B,Bosnia & Herzegovina,Qatar,3,1,4479,4792,True,False
15186829,Qatar,4792,Bosnia & Herzegovina,4479,False,3,B,1,3,-2,L,True,True,False,46,0.77,9,3,3.0,1.0,5,14,1.0,,434,371,13,4,34,24,3,-2.0402,40,3,16,66925.0,USA,1782327600,2026-06-24T19:00:00,98.55,74.0,9,1,6,0,5,4,2.0,1.0,3.0,18,47,75,16,5,6,24,4,5,,2.0,,,9,0.0,,,Group B,Bosnia & Herzegovina,Qatar,3,1,4479,4792,True,False
15186821,Switzerland,4699,Canada,4752,True,3,B,2,1,1,W,True,True,False,55,1.11,6,4,3.0,1.0,2,19,1.0,,443,369,16,4,35,44,6,1.7643,51,6,14,52497.0,Canada,1782327600,2026-06-24T19:00:00,96.14,83.0,13,0,1,1,5,1,2.0,2.0,1.0,25,48,38,17,1,7,35,16,7,,2.0,1.0,2.0,13,1.0,0.0,,Group B,Switzerland,Canada,2,1,4699,4752,True,False
15186821,Canada,4752,Switzerland,4699,False,3,B,1,2,-1,L,True,True,False,45,1.66,13,7,3.0,1.0,7,13,2.0,,339,271,9,13,40,19,2,-0.826,49,8,23,52497.0,Canada,1782327600,2026-06-24T19:00:00,72.95,71.0,19,0,3,3,12,1,2.0,3.0,3.0,27,60,71,20,6,11,36,13,5,,0.0,0.0,0.0,5,1.0,2.0,,Group B,Switzerland,Canada,2,1,4699,4752,True,False
15186864,Morocco,4778,Haiti,7229,True,3,C,4,2,2,W,True,True,False,69,3.76,22,11,5.0,3.0,9,10,0.0,,541,477,20,8,41,14,1,-1.5103,54,16,45,68239.0,USA,1782338400,2026-06-24T22:00:00,103.34,141.0,18,0,6,5,15,7,2.0,3.0,5.0,25,43,120,17,7,12,54,12,8,0.0,1.0,0.0,,3,,0.0,,Group C,Morocco,Haiti,4,2,4778,7229,True,False
15186864,Haiti,7229,Morocco,4778,False,3,C,2,4,-2,L,True,True,False,31,1.22,9,2,1.0,0.0,1,18,3.0,,247,198,25,16,35,26,8,-0.177,46,11,9,68239.0,USA,1782338400,2026-06-24T22:00:00,101.27,128.0,10,0,4,3,4,5,1.0,3.0,0.0,15,24,20,21,2,11,46,10,12,1.0,1.0,1.0,,8,,1.0,,Group C,Morocco,Haiti,4,2,4778,7229,True,False
15186861,Scotland,4695,Brazil,4748,True,3,C,0,3,-3,L,True,False,False,46,1.04,14,5,2.0,0.0,7,10,1.0,,499,448,11,2,33,13,5,1.8003,36,2,27,64478.0,USA,1782338400,2026-06-24T22:00:00,103.26,83.0,11,0,6,3,10,4,2.0,2.0,0.0,16,58,70,17,10,7,23,5,7,0.0,2.0,1.0,0.0,11,0.0,2.0,,Group C,Scotland,Brazil,0,3,4695,4748,True,False
15186861,Brazil,4748,Scotland,4695,False,3,C,3,0,3,W,True,False,True,54,4.33,21,9,6.0,3.0,6,11,2.0,,606,564,14,13,47,24,5,1.2294,64,11,35,64478.0,USA,1782338400,2026-06-24T22:00:00,100.47,100.0,10,0,7,5,14,7,3.0,1.0,1.0,10,68,110,12,2,6,35,14,6,2.0,1.0,0.0,2.0,4,3.0,0.0,,Group C,Scotland,Brazil,0,3,4695,4748,True,False
15186744,South Africa,4736,South Korea,4735,True,3,A,1,0,1,W,False,False,True,32,1.16,13,4,1.0,,4,7,1.0,,340,277,11,15,48,40,2,1.4241,48,6,13,51243.0,Mexico,1782349200,2026-06-25T01:00:00,91.9,92.0,9,0,5,4,5,8,1.0,2.0,3.0,8,39,37,19,1,5,26,16,7,0.0,,0.0,1.0,12,1.0,,,Group A,South Africa,South Korea,1,0,4736,4735,True,False
15186744,South Korea,4735,South Africa,4736,False,3,A,0,1,-1,L,False,False,False,68,0.9,8,3,1.0,,6,9,1.0,,719,641,12,4,42,16,3,-0.5013,52,6,18,51243.0,Mexico,1782349200,2026-06-25T01:00:00,100.26,95.0,7,0,4,1,5,3,1.0,1.0,0.0,24,81,160,29,7,5,25,20,9,1.0,,1.0,0.0,5,2.0,,,Group A,South Africa,South Korea,1,0,4736,4735,True,False
15186732,Czechia,4714,Mexico,4781,True,3,A,0,3,-3,L,True,False,False,52,0.53,13,1,0.0,0.0,5,9,0.0,,398,333,12,5,40,20,2,-0.6463,55,5,14,80824.0,Mexico,1782349200,2026-06-25T01:00:00,98.57,66.0,13,0,8,4,6,7,0.0,2.0,1.0,20,43,45,20,5,5,29,13,7,0.0,,,,11,,1.0,,Group A,Czechia,Mexico,0,3,4714,4781,True,False
15186732,Mexico,4781,Czechia,4714,False,3,A,3,0,3,W,True,False,True,48,1.74,11,5,5.0,3.0,1,13,1.0,,386,330,12,7,38,30,1,0.1329,45,4,15,80824.0,Mexico,1782349200,2026-06-25T01:00:00,99.66,64.0,9,0,4,2,9,2,2.0,2.0,0.0,20,47,84,34,1,10,25,9,8,1.0,,,,11,,0.0,,Group A,Czechia,Mexico,0,3,4714,4781,True,False
15186908,Curaçao,55827,Côte d'Ivoire,4768,True,3,E,0,2,-2,L,False,False,False,37,0.5,11,2,0.0,0.0,4,11,2.0,,355,295,17,15,44,17,1,-0.1443,52,12,18,68324.0,USA,1782417600,2026-06-25T20:00:00,96.8,126.0,6,0,7,2,5,6,0.0,1.0,2.0,19,33,49,14,5,11,35,10,11,0.0,,,0.0,5,0.0,1.0,,Group E,Curaçao,Côte d'Ivoire,0,2,55827,4768,True,False
15186908,Côte d'Ivoire,4768,Curaçao,55827,False,3,E,2,0,2,W,False,False,True,63,1.31,7,3,3.0,2.0,6,6,1.0,,624,558,16,12,46,19,2,0.0618,48,8,22,68324.0,USA,1782417600,2026-06-25T20:00:00,97.63,127.0,11,0,3,1,5,2,1.0,1.0,1.0,20,41,105,20,3,9,35,7,9,2.0,,,1.0,6,1.0,0.0,,Group E,Curaçao,Côte d'Ivoire,0,2,55827,4768,True,False
15186907,Ecuador,4757,Germany,4711,True,3,E,2,1,1,W,True,True,False,39,1.27,7,3,2.0,1.0,3,15,3.0,,378,312,26,12,50,30,2,-0.055,51,9,18,80663.0,USA,1782417600,2026-06-25T20:00:00,95.26,100.0,10,0,2,2,5,2,1.0,3.0,,18,66,80,24,3,10,45,9,16,0.0,0.0,1.0,0.0,5,,0.0,,Group E,Ecuador,Germany,2,1,4757,4711,True,False
15186907,Germany,4711,Ecuador,4757,False,3,E,1,2,-1,L,True,True,False,61,0.65,11,3,2.0,1.0,2,10,1.0,,592,517,20,4,50,15,1,-0.3738,49,7,20,80663.0,USA,1782417600,2026-06-25T20:00:00,98.15,106.0,15,0,3,5,6,5,1.0,4.0,,21,77,111,17,5,11,41,11,13,2.0,1.0,0.0,1.0,2,,1.0,,Group E,Ecuador,Germany,2,1,4757,4711,True,False
15186972,Japan,4770,Sweden,4688,True,3,F,1,1,0,D,False,True,False,52,1.21,8,3,2.0,1.0,2,20,1.0,,445,378,13,4,42,40,4,0.1638,52,6,11,70137.0,USA,1782428400,2026-06-25T23:00:00,93.89,71.0,11,0,3,2,4,4,1.0,1.0,3.0,14,51,68,18,4,3,30,17,7,1.0,2.0,1.0,4.0,6,1.0,,,Group F,Japan,Sweden,1,1,4770,4688,True,False
15186972,Sweden,4688,Japan,4770,False,3,F,1,1,0,D,False,True,False,48,0.64,11,5,1.0,0.0,8,11,2.0,,395,312,7,5,39,21,2,0.2728,48,4,13,70137.0,USA,1782428400,2026-06-25T23:00:00,98.14,81.0,20,1,3,3,6,5,1.0,4.0,2.0,18,51,73,18,4,7,29,15,3,0.0,1.0,1.0,1.0,4,0.0,,,Group F,Japan,Sweden,1,1,4770,4688,True,False
15186973,Tunisia,4729,Netherlands,4705,True,3,F,1,3,-2,L,True,True,False,29,0.62,10,4,2.0,1.0,4,11,,,258,199,17,8,45,35,4,-0.785,51,2,11,70137.0,USA,1782428400,2026-06-25T23:00:00,101.93,127.0,10,0,5,1,4,6,1.0,0.0,2.0,12,37,41,20,4,1,29,9,9,2.0,,,2.0,10,,1.0,,Group F,Tunisia,Netherlands,1,3,4729,4705,True,False
15186973,Netherlands,4705,Tunisia,4729,False,3,F,3,1,2,W,True,True,False,71,1.85,20,7,2.0,1.0,6,10,,,647,602,8,10,44,17,3,-0.0571,49,5,44,70137.0,USA,1782428400,2026-06-25T23:00:00,98.56,130.0,11,1,8,5,16,4,1.0,3.0,1.0,14,111,192,15,6,7,24,13,5,1.0,,,0.0,6,,0.0,,Group F,Tunisia,Netherlands,1,3,4729,4705,True,False
15186891,Paraguay,4789,Australia,4741,True,3,D,0,0,0,D,False,False,True,44,0.24,7,2,,,1,9,1.0,,426,330,24,8,43,24,5,0.6023,46,5,7,68827.0,USA,1782439200,2026-06-26T02:00:00,100.11,89.0,6,0,4,1,3,4,,0.0,,26,57,52,14,0,9,35,20,17,0.0,1.0,0.0,,9,,,,Group D,Paraguay,Australia,0,0,4789,4741,True,False
15186891,Australia,4741,Paraguay,4789,False,3,D,0,0,0,D,False,False,True,56,0.55,12,5,,,3,6,1.0,,537,438,20,7,43,10,2,0.2973,54,11,14,68827.0,USA,1782439200,2026-06-26T02:00:00,104.52,91.0,9,0,4,3,7,5,,1.0,,28,56,74,17,4,11,39,25,12,1.0,0.0,1.0,,9,,,,Group D,Paraguay,Australia,0,0,4789,4741,True,False
15186887,Türkiye,4700,USA,4724,True,3,D,3,2,1,W,True,True,False,47,3.05,9,3,5.0,3.0,2,13,0.0,,434,335,32,9,42,24,5,0.3631,58,9,22,70492.0,USA,1782439200,2026-06-26T02:00:00,102.51,104.0,13,0,4,2,8,1,2.0,1.0,2.0,28,43,80,23,0,10,52,12,20,,1.0,0.0,1.0,6,0.0,,,Group D,Türkiye,USA,3,2,4700,4724,True,False
15186887,USA,4724,Türkiye,4700,False,3,D,2,3,-1,L,True,True,False,53,2.13,18,7,4.0,1.0,9,13,1.0,,471,398,14,9,42,27,1,-0.6798,42,7,36,70492.0,USA,1782439200,2026-06-26T02:00:00,112.92,112.0,13,1,6,5,15,3,3.0,0.0,5.0,31,57,84,16,5,22,34,12,9,,0.0,2.0,0.0,4,1.0,,,Group D,Türkiye,USA,3,2,4700,4724,True,False
15186771,Senegal,4739,Iraq,4767,True,3,I,5,0,5,W,True,False,True,69,3.01,28,12,5.0,2.0,12,10,2.0,0.0,590,517,12,2,53,10,1,0.0712,50,8,51,43036.0,Canada,1782500400,2026-06-26T19:00:00,83.24,108.0,11,1,11,5,17,11,3.0,2.0,1.0,26,95,197,23,7,4,30,19,9,,0.0,3.0,0.0,4,,0.0,,Group I,Senegal,Iraq,5,0,4739,4767,True,False
15186771,Iraq,4767,Senegal,4739,False,3,I,0,5,-5,L,True,False,False,31,0.14,6,1,0.0,0.0,3,11,2.0,1.0,266,184,20,7,38,34,7,-0.0739,50,8,5,43036.0,Canada,1782500400,2026-06-26T19:00:00,93.29,98.0,10,0,1,4,1,5,0.0,2.0,0.0,16,32,27,13,0,7,37,12,13,,3.0,1.0,1.0,20,,2.0,,Group I,Senegal,Iraq,5,0,4739,4767,True,False
15186537,Norway,4475,France,4481,True,3,I,1,4,-3,L,True,True,False,43,1.7,10,4,4.0,1.0,4,9,1.0,,421,343,17,13,40,16,5,-1.0009,48,7,26,64146.0,USA,1782500400,2026-06-26T19:00:00,104.28,121.0,10,0,3,3,6,4,3.0,3.0,1.0,23,40,77,18,3,11,35,7,11,3.0,1.0,,,8,0.0,,0.0,Group I,Norway,France,1,4,4475,4481,True,False
15186537,France,4481,Norway,4475,False,3,I,4,1,3,W,True,True,False,57,1.5,18,9,3.0,1.0,5,11,1.0,,555,480,17,11,54,19,3,0.4103,52,7,31,64146.0,USA,1782500400,2026-06-26T19:00:00,99.46,110.0,9,1,6,3,10,8,2.0,1.0,2.0,12,57,136,28,3,8,31,14,12,3.0,1.0,,,5,3.0,,1.0,Group I,Norway,France,1,4,4475,4481,True,False
15186803,Cabo Verde,4753,Saudi Arabia,4834,True,3,H,0,0,0,D,False,False,True,51,1.39,15,2,1.0,,4,10,1.0,,451,381,15,13,52,29,3,0.3265,51,10,19,68278.0,USA,1782518400,2026-06-27T00:00:00,103.22,114.0,16,0,8,5,9,6,1.0,1.0,2.0,21,56,86,29,2,16,40,18,12,0.0,0.0,,,5,1.0,,,Group H,Cabo Verde,Saudi Arabia,0,0,4753,4834,True,False
15186803,Saudi Arabia,4834,Cabo Verde,4753,False,3,H,0,0,0,D,False,False,True,49,0.39,7,3,1.0,,2,16,3.0,,444,359,29,11,43,25,2,0.5086,49,6,20,68278.0,USA,1782518400,2026-06-27T00:00:00,103.81,130.0,10,0,1,3,5,2,1.0,3.0,0.0,27,63,71,21,3,9,45,11,15,1.0,1.0,,,12,0.0,,,Group H,Cabo Verde,Saudi Arabia,0,0,4753,4834,True,False
15186841,Uruguay,4725,Spain,4698,True,3,H,0,1,-1,L,False,False,False,33,0.2,5,1,1.0,,1,14,3.0,1.0,301,228,25,14,51,14,0,-0.7976,48,7,12,45065.0,Mexico,1782518400,2026-06-27T00:00:00,103.93,123.0,14,0,3,1,2,3,1.0,4.0,5.0,16,42,69,15,1,9,46,5,15,,0.0,1.0,,5,,1.0,,Group H,Uruguay,Spain,0,1,4725,4698,True,False
15186841,Spain,4698,Uruguay,4725,False,3,H,1,0,1,W,False,False,True,67,0.86,6,1,1.0,,6,14,1.0,0.0,622,553,17,9,51,23,2,0.1019,52,9,19,45065.0,Mexico,1782518400,2026-06-27T00:00:00,101.19,78.0,14,1,4,1,5,1,1.0,0.0,2.0,10,47,78,18,3,13,39,16,10,,1.0,0.0,,6,,0.0,,Group H,Uruguay,Spain,0,1,4725,4698,True,False
15186822,New Zealand,4784,Belgium,4717,True,3,G,1,5,-4,L,True,True,False,46,0.24,6,2,0.0,0.0,5,10,2.0,,436,369,10,6,38,35,5,-1.8593,45,8,6,52497.0,Canada,1782529200,2026-06-27T03:00:00,105.72,95.0,7,0,3,1,3,3,0.0,0.0,1.0,17,37,58,16,2,9,24,7,6,1.0,2.0,0.0,1.0,10,0.0,2.0,,Group G,New Zealand,Belgium,1,5,4784,4717,True,False
15186822,Belgium,4717,New Zealand,4784,False,3,G,5,1,4,W,True,True,False,54,3.64,35,10,4.0,2.0,8,7,0.0,,525,462,13,10,48,27,1,-0.7684,55,7,79,52497.0,Canada,1782529200,2026-06-27T03:00:00,86.36,98.0,10,1,13,12,23,12,2.0,2.0,1.0,15,49,153,28,6,6,30,8,8,1.0,1.0,2.0,2.0,3,1.0,0.0,,Group G,New Zealand,Belgium,1,5,4784,4717,True,False
15186828,Egypt,4758,Iran,4766,True,3,G,1,1,0,D,False,True,False,61,0.84,15,3,0.0,0.0,8,11,3.0,,589,513,17,7,39,38,2,0.2317,47,10,28,66925.0,USA,1782529200,2026-06-27T03:00:00,100.86,79.0,16,0,6,6,8,7,0.0,2.0,0.0,14,61,91,18,4,10,40,23,10,1.0,1.0,0.0,3.0,9,0.0,,1.0,Group G,Egypt,Iran,1,1,4758,4766,True,False
15186828,Iran,4766,Egypt,4758,False,3,G,1,1,0,D,False,True,False,39,1.97,13,4,5.0,1.0,2,16,4.0,,367,281,22,8,36,32,2,-0.5315,53,8,26,66925.0,USA,1782529200,2026-06-27T03:00:00,102.05,69.0,10,1,6,3,10,3,4.0,1.0,3.0,15,57,51,29,1,10,40,31,17,1.0,0.0,1.0,1.0,10,1.0,,0.0,Group G,Egypt,Iran,1,1,4758,4766,True,False
15186853,Haiti,7229,Scotland,4695,True,1,C,0,1,-1,L,False,False,False,54,1.05,15,2,1.0,,4,23,1.0,,431,368,12,6,42,20,1,0.1834,47,6,22,64146.0,USA,1781398800,2026-06-14T01:00:00,106.67,89.0,21,0,9,4,8,7,1.0,6.0,3.0,14,65,83,27,5,4,38,14,7,0.0,,0.0,,7,,,,Group C,Haiti,Scotland,0,1,7229,4695,True,False
15186853,Scotland,4695,Haiti,7229,False,1,C,1,0,1,W,False,False,True,46,1.05,9,2,2.0,,3,21,3.0,,374,307,12,6,27,17,2,0.223,53,5,21,64146.0,USA,1781398800,2026-06-14T01:00:00,108.18,117.0,23,1,5,2,8,1,2.0,2.0,1.0,23,56,48,30,5,4,38,21,5,3.0,,1.0,,13,,,,Group C,Haiti,Scotland,0,1,7229,4695,True,False
15186874,Australia,4741,Türkiye,4700,True,1,D,2,0,2,W,False,False,True,28,1.18,9,4,1.0,1.0,5,12,0.0,,271,201,15,7,35,55,8,1.4558,48,8,18,52497.0,Canada,1781409600,2026-06-14T04:00:00,102.39,88.0,4,0,4,1,6,3,0.0,0.0,1.0,14,43,43,16,4,9,27,15,5,,3.0,1.0,1.0,17,1.0,,,Group D,Australia,Türkiye,2,0,4741,4700,True,False
15186874,Türkiye,4700,Australia,4741,False,1,D,0,2,-2,L,False,False,False,72,1.36,30,8,2.0,0.0,8,4,1.0,,704,635,12,4,36,29,2,-0.9215,52,5,51,52497.0,Canada,1781409600,2026-06-14T04:00:00,99.94,85.0,12,1,10,12,14,16,2.0,2.0,3.0,24,85,285,19,2,6,29,17,8,,0.0,1.0,0.0,6,1.0,,,Group D,Australia,Türkiye,2,0,4741,4700,True,False
15186899,Germany,4711,Curaçao,55827,True,1,E,7,1,6,W,True,True,False,65,4.22,26,12,6.0,4.0,8,18,,,637,554,19,12,52,8,1,-0.4989,48,9,63,68021.0,USA,1781456400,2026-06-14T17:00:00,100.56,110.0,10,1,6,8,21,5,2.0,5.0,0.0,17,79,182,12,5,7,38,9,13,1.0,0.0,0.0,0.0,7,6.0,0.0,,Group E,Germany,Curaçao,7,1,4711,55827,True,False
15186899,Curaçao,55827,Germany,4711,False,1,E,1,7,-6,L,True,True,False,35,0.41,8,2,0.0,0.0,1,11,,,343,282,16,16,48,25,4,-1.7627,52,12,10,68021.0,USA,1781456400,2026-06-14T17:00:00,92.43,102.0,18,0,6,0,4,4,0.0,2.0,1.0,9,37,46,17,2,10,45,5,8,2.0,1.0,1.0,2.0,11,0.0,1.0,,Group E,Germany,Curaçao,7,1,4711,55827,True,False
15186945,Netherlands,4705,Japan,4770,True,1,F,2,2,0,D,True,True,False,60,0.78,10,6,,,5,7,3.0,,524,463,11,7,26,23,1,-0.6757,62,8,33,69285.0,USA,1781467200,2026-06-14T20:00:00,93.95,61.0,7,0,3,1,10,0,,2.0,1.0,21,79,133,16,8,4,25,21,5,,0.0,,,9,0.0,,,Group F,Netherlands,Japan,2,2,4705,4770,True,False
15186945,Japan,4770,Netherlands,4705,False,1,F,2,2,0,D,True,True,False,40,0.59,10,3,,,4,7,0.0,,341,286,11,4,26,32,4,0.1613,38,3,19,69285.0,USA,1781467200,2026-06-14T20:00:00,98.57,83.0,7,0,6,1,6,4,,2.0,0.0,19,49,80,13,6,5,21,7,10,,2.0,,,7,1.0,,,Group F,Netherlands,Japan,2,2,4705,4770,True,False
15186904,Côte d'Ivoire,4768,Ecuador,4757,True,1,E,1,0,1,W,False,False,True,48,1.52,15,4,2.0,,3,10,3.0,,470,397,14,11,54,29,1,0.032,57,14,39,68274.0,USA,1781478000,2026-06-14T23:00:00,98.77,103.0,13,1,8,3,8,7,2.0,1.0,,14,34,91,18,2,14,41,17,9,1.0,,1.0,1.0,10,0.0,,,Group E,Côte d'Ivoire,Ecuador,1,0,4768,4757,True,False
15186904,Ecuador,4757,Côte d'Ivoire,4768,False,1,E,0,1,-1,L,False,False,False,52,1.01,12,1,1.0,,5,13,1.0,,492,419,21,13,51,18,3,0.2166,43,3,16,68274.0,USA,1781478000,2026-06-14T23:00:00,95.93,99.0,10,3,8,3,5,7,1.0,2.0,,14,56,72,11,4,7,33,11,15,2.0,,0.0,0.0,11,2.0,,,Group E,Côte d'Ivoire,Ecuador,1,0,4768,4757,True,False
15186951,Sweden,4688,Tunisia,4729,True,1,F,5,1,4,W,True,True,False,49,1.33,13,7,4.0,2.0,4,10,0.0,,356,278,14,6,41,23,1,-0.6527,45,5,22,50987.0,Mexico,1781488800,2026-06-15T02:00:00,84.65,85.0,8,0,3,3,9,4,2.0,1.0,3.0,18,47,69,22,3,14,26,15,9,0.0,0.0,1.0,,6,,0.0,,Group F,Sweden,Tunisia,5,1,4688,4729,True,False
15186951,Tunisia,4729,Sweden,4688,False,1,F,1,5,-4,L,True,True,False,51,0.28,6,2,0.0,0.0,2,8,1.0,,371,292,21,6,40,13,1,-2.8834,55,7,10,50987.0,Mexico,1781488800,2026-06-15T02:00:00,78.56,68.0,10,0,3,1,2,4,0.0,3.0,6.0,17,63,66,24,3,5,36,15,12,2.0,1.0,1.0,,10,,4.0,,Group F,Sweden,Tunisia,5,1,4688,4729,True,False
15186783,Spain,4698,Cabo Verde,4753,True,1,H,0,0,0,D,False,False,True,74,2.1,27,7,2.0,,11,10,1.0,,800,734,13,6,55,7,1,0.1334,50,7,51,67640.0,USA,1781539200,2026-06-15T16:00:00,103.14,84.0,1,1,12,8,16,11,2.0,,2.0,18,84,388,24,6,12,21,19,12,0.0,0.0,0.0,,5,3.0,,,Group H,Spain,Cabo Verde,0,0,4698,4753,True,False
15186783,Cabo Verde,4753,Spain,4698,False,1,H,0,0,0,D,False,False,True,26,0.2,6,1,1.0,,1,1,1.0,,278,205,18,15,49,46,7,1.4527,50,4,6,67640.0,USA,1781539200,2026-06-15T16:00:00,106.06,79.0,10,0,3,2,2,4,1.0,,3.0,14,26,16,19,1,6,31,9,11,3.0,2.0,3.0,,14,0.0,,,Group H,Spain,Cabo Verde,0,0,4698,4753,True,False
15186837,Belgium,4717,Egypt,4758,True,1,G,1,1,0,D,False,True,False,54,1.35,15,3,2.0,,2,15,2.0,,455,391,17,10,48,25,2,-0.3919,50,12,31,66775.0,USA,1781550000,2026-06-15T19:00:00,100.04,106.0,15,1,7,5,9,6,2.0,4.0,0.0,28,82,151,18,6,15,44,14,11,2.0,1.0,1.0,0.0,1,,,,Group G,Belgium,Egypt,1,1,4717,4758,True,False
15186837,Egypt,4758,Belgium,4717,False,1,G,1,1,0,D,False,True,False,46,1.08,14,3,2.0,,7,15,2.0,,398,323,28,16,46,17,3,-0.36,50,8,27,66775.0,USA,1781550000,2026-06-15T19:00:00,97.83,105.0,15,0,4,7,10,4,2.0,0.0,1.0,19,37,62,20,2,10,50,9,17,0.0,1.0,1.0,1.0,12,,,,Group G,Belgium,Egypt,1,1,4717,4758,True,False
15186811,Saudi Arabia,4834,Uruguay,4725,True,1,H,1,1,0,D,False,True,False,33,0.66,7,3,1.0,1.0,4,11,1.0,,322,236,11,9,39,43,9,0.6821,49,3,10,62464.0,USA,1781560800,2026-06-15T22:00:00,100.64,76.0,6,0,3,1,4,3,0.0,1.0,0.0,18,29,39,10,3,1,18,22,8,,4.0,,2.0,10,,1.0,,Group H,Saudi Arabia,Uruguay,1,1,4834,4725,True,False
15186811,Uruguay,4725,Saudi Arabia,4834,False,1,H,1,1,0,D,False,True,False,67,1.72,27,10,2.0,1.0,14,6,0.0,,612,540,3,10,52,17,2,-0.3524,51,8,41,62464.0,USA,1781560800,2026-06-15T22:00:00,100.56,87.0,11,1,10,7,16,11,1.0,3.0,6.0,20,65,169,24,16,7,22,20,2,,1.0,,1.0,3,,1.0,,Group H,Saudi Arabia,Uruguay,1,1,4834,4725,True,False
15186832,Iran,4766,New Zealand,4784,True,1,G,2,2,0,D,True,True,False,49,1.5,17,4,2.0,2.0,4,10,1.0,,409,314,17,11,51,27,6,-0.9954,56,4,25,70108.0,USA,1781571600,2026-06-16T01:00:00,103.32,86.0,8,1,8,5,10,7,,0.0,2.0,25,54,67,27,6,6,29,25,10,1.0,1.0,,,4,,,,Group G,Iran,New Zealand,2,2,4766,4784,True,False
15186832,New Zealand,4784,Iran,4766,False,1,G,2,2,0,D,True,True,False,51,1.24,14,8,2.0,2.0,1,8,0.0,,446,376,13,15,47,26,2,-0.282,44,6,21,70108.0,USA,1781571600,2026-06-16T01:00:00,103.6,87.0,10,0,4,2,10,4,,1.0,0.0,16,47,73,21,1,11,28,15,10,1.0,0.0,,,11,,,,Group G,Iran,New Zealand,2,2,4766,4784,True,False
15186501,France,4481,Senegal,4739,True,1,I,3,1,2,W,True,True,False,53,1.79,11,8,4.0,2.0,6,5,,,575,505,19,7,56,14,2,-0.8322,56,5,19,80545.0,USA,1781636400,2026-06-16T19:00:00,108.63,161.0,9,0,1,2,7,4,2.0,3.0,1.0,9,60,93,20,0,4,32,12,14,1.0,,0.0,,7,5.0,,,Group I,France,Senegal,3,1,4481,4739,True,False
15186501,Senegal,4739,France,4481,False,1,I,1,3,-2,L,True,True,False,47,0.53,6,2,2.0,0.0,4,9,,,502,430,14,8,56,17,5,-0.9403,44,8,13,80545.0,USA,1781636400,2026-06-16T19:00:00,108.49,134.0,5,1,3,1,4,2,2.0,0.0,3.0,21,57,69,25,1,13,27,8,10,1.0,,1.0,,4,0.0,,,Group I,France,Senegal,3,1,4481,4739,True,False
15186773,Iraq,4767,Norway,4475,True,1,I,1,4,-3,L,True,True,False,39,0.8,11,1,1.0,0.0,2,12,1.0,,334,271,19,5,35,20,2,-1.3454,52,10,18,63106.0,USA,1781647200,2026-06-16T22:00:00,79.98,84.0,13,0,8,2,8,3,1.0,0.0,1.0,14,43,46,22,6,4,42,10,13,2.0,,1.0,,10,1.0,2.0,,Group I,Iraq,Norway,1,4,4767,4475,True,False
15186773,Norway,4475,Iraq,4767,False,1,I,4,1,3,W,True,True,False,61,2.52,12,5,5.0,3.0,5,13,0.0,,537,477,15,2,36,22,0,-0.4013,48,5,25,63106.0,USA,1781647200,2026-06-16T22:00:00,93.66,94.0,12,0,4,3,11,1,2.0,4.0,0.0,22,46,74,18,7,7,31,17,10,0.0,,0.0,,9,0.0,0.0,,Group I,Iraq,Norway,1,4,4767,4475,True,False
15186854,Argentina,4819,Algeria,4691,True,1,J,3,0,3,W,True,False,True,48,1.47,10,6,1.0,1.0,2,13,,,561,504,27,10,50,17,0,0.0,48,2,12,69045.0,USA,1781658000,2026-06-17T01:00:00,87.19,105.0,8,0,4,0,4,6,,0.0,3.0,12,39,56,17,1,10,36,3,19,,0.0,,,6,1.0,,,Group J,Argentina,Algeria,3,0,4819,4691,True,False
15186854,Algeria,4691,Argentina,4819,False,1,J,0,3,-3,L,True,False,False,52,0.3,7,0,0.0,0.0,2,8,,,609,563,17,8,39,12,3,-0.7816,52,8,14,69045.0,USA,1781658000,2026-06-17T01:00:00,102.94,113.0,13,0,4,3,3,4,,2.0,1.0,19,61,118,15,1,12,38,5,10,,1.0,,,4,0.0,,,Group J,Argentina,Algeria,3,0,4819,4691,True,False
15186751,Austria,4718,Jordan,4771,True,1,J,3,1,2,W,True,True,False,63,1.69,11,4,4.0,1.0,4,12,1.0,,580,487,17,15,52,24,3,0.1772,47,4,28,68527.0,USA,1781668800,2026-06-17T04:00:00,104.31,114.0,6,0,6,1,6,5,3.0,1.0,3.0,21,62,96,18,3,7,27,16,9,0.0,1.0,,1.0,3,,,,Group J,Austria,Jordan,3,1,4718,4771,True,False
15186751,Jordan,4771,Austria,4718,False,1,J,1,3,-2,L,True,True,False,37,0.46,11,4,0.0,0.0,3,7,0.0,,332,241,15,12,39,39,1,-1.7125,53,15,21,68527.0,USA,1781668800,2026-06-17T04:00:00,104.75,98.0,12,1,5,2,7,4,0.0,2.0,1.0,19,41,66,23,3,8,39,9,6,2.0,0.0,,1.0,10,,,,Group J,Austria,Jordan,3,1,4718,4771,True,False
15186709,Portugal,4704,DR Congo,4823,True,1,K,1,1,0,D,False,True,False,75,0.65,7,1,1.0,0.0,5,9,3.0,,783,724,12,3,41,10,1,-0.0312,45,5,29,68777.0,USA,1781715600,2026-06-17T17:00:00,99.84,88.0,10,0,4,2,5,2,,3.0,3.0,16,101,176,41,6,10,25,9,6,,,2.0,,5,1.0,,,Group K,Portugal,DR Congo,1,1,4704,4823,True,False
15186709,DR Congo,4823,Portugal,4704,False,1,K,1,1,0,D,False,True,False,25,0.87,8,2,1.0,1.0,4,10,1.0,,249,195,17,5,38,27,0,-0.4737,55,8,10,68777.0,USA,1781715600,2026-06-17T17:00:00,102.03,121.0,9,0,3,3,2,6,,0.0,2.0,15,35,50,11,1,5,34,8,9,,,3.0,,8,0.0,,,Group K,Portugal,DR Congo,1,1,4704,4823,True,False
15186504,England,4713,Croatia,4715,True,1,L,4,2,2,W,True,True,False,52,3.2,22,11,7.0,2.0,8,10,,,474,406,9,7,47,16,3,-1.4896,49,7,37,70389.0,USA,1781726400,2026-06-17T20:00:00,102.18,124.0,11,0,6,5,20,2,5.0,2.0,0.0,15,40,49,15,6,4,28,12,7,0.0,1.0,2.0,2.0,6,2.0,,,Group L,England,Croatia,4,2,4713,4715,True,False
15186504,Croatia,4715,England,4713,False,1,L,2,4,-2,L,True,True,False,48,0.7,10,5,2.0,1.0,2,12,,,443,381,11,9,40,17,7,-0.6732,51,5,16,70389.0,USA,1781726400,2026-06-17T20:00:00,98.93,125.0,10,0,3,2,4,6,1.0,0.0,1.0,18,32,64,18,2,4,26,16,8,1.0,3.0,0.0,1.0,7,1.0,,,Group L,England,Croatia,4,2,4713,4715,True,False
15186687,Ghana,4764,Panama,5164,True,1,L,1,0,1,W,False,False,True,38,1.25,7,2,1.0,1.0,2,9,1.0,,352,292,16,8,50,28,4,1.3579,50,9,14,42942.0,Canada,1781737200,2026-06-17T23:00:00,87.21,85.0,11,0,4,1,6,1,0.0,3.0,4.0,21,62,55,30,4,14,35,21,9,,1.0,2.0,2.0,10,0.0,,,Group L,Ghana,Panama,1,0,4764,5164,True,False
15186687,Panama,5164,Ghana,4764,False,1,L,0,1,-1,L,False,False,False,62,0.73,11,4,2.0,0.0,2,11,2.0,,583,503,29,5,48,17,2,0.0407,50,6,19,42942.0,Canada,1781737200,2026-06-17T23:00:00,106.17,94.0,9,0,5,2,6,5,2.0,1.0,1.0,23,66,78,34,4,8,44,13,11,,0.0,0.0,0.0,9,1.0,,,Group L,Ghana,Panama,1,0,4764,5164,True,False
15186722,Uzbekistan,4723,Colombia,4820,True,1,K,1,3,-2,L,True,True,False,39,1.16,8,2,1.0,1.0,3,14,1.0,,319,243,10,7,39,24,1,-1.6389,49,5,5,80824.0,Mexico,1781748000,2026-06-18T02:00:00,102.19,72.0,11,2,4,2,4,4,0.0,4.0,0.0,24,53,47,17,3,5,24,10,7,1.0,,2.0,,10,0.0,1.0,,Group K,Uzbekistan,Colombia,1,3,4723,4820,True,False
15186722,Colombia,4820,Uzbekistan,4723,False,1,K,3,1,2,W,True,True,False,61,1.61,15,4,4.0,3.0,4,11,1.0,,519,444,10,6,43,20,1,0.1924,51,5,27,80824.0,Mexico,1781748000,2026-06-18T02:00:00,100.31,76.0,14,1,7,4,10,5,1.0,3.0,3.0,26,57,89,17,6,3,28,8,3,0.0,,0.0,,8,2.0,1.0,,Group K,Uzbekistan,Colombia,1,3,4723,4820,True,False
15186731,Czechia,4714,South Africa,4736,True,2,A,1,1,0,D,False,True,False,38,1.02,14,3,3.0,1.0,5,12,1.0,,341,272,12,9,46,22,3,0.1165,49,10,16,67442.0,USA,1781798400,2026-06-18T16:00:00,108.45,94.0,10,0,8,3,11,3,2.0,1.0,2.0,16,39,40,22,7,16,32,13,4,1.0,,,0.0,8,0.0,,,Group A,Czechia,South Africa,1,1,4714,4736,True,False
15186731,South Africa,4736,Czechia,4714,False,2,A,1,1,0,D,False,True,False,62,1.38,17,4,1.0,1.0,5,10,2.0,,563,508,20,9,45,24,2,-0.466,51,8,20,67442.0,USA,1781798400,2026-06-18T16:00:00,103.09,126.0,11,0,5,8,6,11,0.0,2.0,3.0,15,59,101,30,4,7,38,9,11,1.0,,,1.0,10,1.0,,,Group A,Czechia,South Africa,1,1,4714,4736,True,False
15186806,Switzerland,4699,Bosnia & Herzegovina,4479,True,2,B,4,1,3,W,True,True,False,62,2.06,13,7,4.0,3.0,7,7,1.0,0.0,586,516,19,5,42,17,2,-0.7303,58,6,35,70026.0,USA,1781809200,2026-06-18T19:00:00,104.28,86.0,17,0,3,3,9,4,1.0,3.0,3.0,21,57,131,25,1,7,42,10,13,1.0,,1.0,1.0,3,,,,Group B,Switzerland,Bosnia & Herzegovina,4,1,4699,4479,True,False
15186806,Bosnia & Herzegovina,4479,Switzerland,4699,False,2,B,1,4,-3,L,True,True,False,38,0.23,5,3,0.0,0.0,3,18,2.0,1.0,354,287,13,11,49,36,3,-1.5444,42,6,8,70026.0,USA,1781809200,2026-06-18T19:00:00,103.78,95.0,7,0,1,1,3,2,0.0,2.0,1.0,8,36,42,13,1,13,26,12,3,1.0,,0.0,1.0,8,,,,Group B,Switzerland,Bosnia & Herzegovina,4,1,4699,4479,True,False
15186798,Canada,4752,Qatar,4792,True,2,B,6,0,6,W,True,False,True,79,4.6,32,10,6.0,3.0,19,9,1.0,0.0,567,515,9,6,39,3,0,0.0,49,6,97,52497.0,Canada,1781820000,2026-06-18T22:00:00,83.55,60.0,10,0,8,14,21,11,3.0,5.0,1.0,23,60,342,10,13,11,25,8,5,0.0,0.0,0.0,,2,1.0,0.0,,Group B,Canada,Qatar,6,0,4752,4792,True,False
15186798,Qatar,4792,Canada,4752,False,2,B,0,6,-6,L,True,False,False,21,0.22,2,0,0.0,0.0,1,10,1.0,2.0,162,104,16,10,25,61,4,-1.1504,51,2,1,52497.0,Canada,1781820000,2026-06-18T22:00:00,75.44,46.0,9,0,1,1,1,1,0.0,1.0,1.0,9,23,9,17,1,6,27,7,10,1.0,1.0,3.0,,13,0.0,2.0,,Group B,Canada,Qatar,6,0,4752,4792,True,False
15186490,Mexico,4781,South Korea,4735,True,2,A,1,0,1,W,False,False,True,42,0.53,8,4,2.0,1.0,0,9,0.0,,427,349,14,6,50,20,2,0.7644,47,6,6,45522.0,Mexico,1781830800,2026-06-19T01:00:00,105.15,99.0,7,0,3,1,5,3,1.0,,3.0,17,43,39,16,4,13,27,15,7,0.0,0.0,,1.0,5,,0.0,,Group A,Mexico,South Korea,1,0,4781,4735,True,False
15186490,South Korea,4735,Mexico,4781,False,2,A,0,1,-1,L,False,False,False,58,0.91,9,2,3.0,0.0,2,7,2.0,,578,488,17,5,51,12,3,-0.0996,53,9,11,45522.0,Mexico,1781830800,2026-06-19T01:00:00,104.0,103.0,9,0,4,3,6,3,3.0,,6.0,25,72,67,23,5,6,34,13,10,2.0,2.0,,0.0,5,,1.0,,Group A,Mexico,South Korea,1,0,4781,4735,True,False
15186878,USA,4724,Australia,4741,True,2,D,2,0,2,W,False,False,True,62,1.08,10,2,2.0,1.0,7,12,3.0,,523,444,20,20,39,31,2,0.0947,48,11,20,66925.0,USA,1781895600,2026-06-19T19:00:00,96.7,93.0,16,0,2,6,8,2,1.0,2.0,1.0,18,65,103,26,4,7,44,15,8,2.0,,,,10,2.0,,,Group D,USA,Australia,2,0,4724,4741,True,False
15186878,Australia,4741,USA,4724,False,2,D,0,2,-2,L,False,False,False,38,0.35,5,2,0.0,0.0,4,16,4.0,,310,219,13,6,44,24,1,-0.6905,52,14,20,66925.0,USA,1781895600,2026-06-19T19:00:00,99.49,99.0,12,0,3,0,3,2,0.0,0.0,0.0,22,43,53,19,4,9,37,27,11,0.0,,,,4,1.0,,,Group D,USA,Australia,2,0,4724,4741,True,False
15186859,Scotland,4695,Morocco,4778,True,2,C,0,1,-1,L,False,False,False,41,0.51,6,0,1.0,0.0,2,11,1.0,,456,388,20,9,42,17,1,-0.506,53,4,20,64146.0,USA,1781906400,2026-06-19T22:00:00,104.82,98.0,8,0,3,3,5,1,1.0,2.0,1.0,9,59,59,20,3,8,31,7,12,1.0,1.0,1.0,,7,0.0,,,Group C,Scotland,Morocco,0,1,4695,4778,True,False
15186859,Morocco,4778,Scotland,4695,False,2,C,1,0,1,W,False,False,True,59,0.99,12,2,3.0,1.0,5,8,1.0,,670,600,10,5,46,14,0,0.0,47,5,26,64146.0,USA,1781906400,2026-06-19T22:00:00,102.93,119.0,11,1,6,4,9,3,2.0,2.0,0.0,19,62,96,14,2,7,25,9,6,1.0,0.0,0.0,,7,2.0,,,Group C,Scotland,Morocco,0,1,4695,4778,True,False
15186856,Brazil,4748,Haiti,7229,True,2,C,3,0,3,W,True,False,True,57,1.75,8,5,5.0,3.0,4,13,1.0,,525,462,21,10,40,14,3,0.4334,55,4,24,68324.0,USA,1781915400,2026-06-20T00:30:00,99.12,142.0,14,0,2,1,8,0,2.0,1.0,8.0,20,53,71,20,1,5,38,14,10,1.0,2.0,,,5,3.0,0.0,,Group C,Brazil,Haiti,3,0,4748,7229,True,False
15186856,Haiti,7229,Brazil,4748,False,2,C,0,3,-3,L,True,False,False,43,0.23,7,3,0.0,0.0,4,14,3.0,,399,332,16,9,35,22,2,-0.6665,45,3,17,68324.0,USA,1781915400,2026-06-20T00:30:00,102.92,128.0,13,0,3,1,4,3,0.0,3.0,4.0,14,50,61,31,3,7,32,10,10,0.0,0.0,,,5,0.0,2.0,,Group C,Brazil,Haiti,3,0,4748,7229,True,False
15186879,Türkiye,4700,Paraguay,4789,True,2,D,0,1,-1,L,False,False,False,79,2.17,32,5,5.0,,12,14,1.0,0.0,629,559,17,6,46,29,1,-0.7916,45,13,50,68827.0,USA,1781924400,2026-06-20T03:00:00,111.04,111.0,15,1,15,12,16,16,5.0,4.0,2.0,34,76,261,28,8,11,45,15,11,,,,0.0,3,1.0,,,Group D,Türkiye,Paraguay,0,1,4700,4789,True,False
15186879,Paraguay,4789,Türkiye,4700,False,2,D,1,0,1,W,False,False,True,21,0.32,7,2,0.0,,0,15,1.0,1.0,178,96,25,9,49,48,5,0.6719,55,15,12,68827.0,USA,1781924400,2026-06-20T03:00:00,104.43,98.0,14,0,3,2,3,4,0.0,2.0,3.0,18,46,25,22,2,7,52,20,15,,,,1.0,13,0.0,,,Group D,Türkiye,Paraguay,0,1,4700,4789,True,False
15186957,Netherlands,4705,Sweden,4688,True,2,F,5,1,4,W,True,True,False,51,2.61,10,7,3.0,3.0,2,9,0.0,,449,398,15,8,40,24,7,0.7083,48,3,20,68777.0,USA,1781974800,2026-06-20T17:00:00,98.82,124.0,12,0,2,1,6,4,0.0,2.0,3.0,13,49,75,18,3,8,29,14,8,0.0,5.0,,1.0,11,1.0,,,Group F,Netherlands,Sweden,5,1,4705,4688,True,False
15186957,Sweden,4688,Netherlands,4705,False,2,F,1,5,-4,L,True,True,False,49,1.01,16,8,2.0,1.0,5,12,3.0,,425,361,18,5,36,14,2,-0.8038,52,7,26,68777.0,USA,1781974800,2026-06-20T17:00:00,103.24,109.0,9,0,5,3,7,9,1.0,3.0,3.0,22,36,87,6,3,10,33,13,9,1.0,0.0,,0.0,11,1.0,,,Group F,Netherlands,Sweden,5,1,4705,4688,True,False
15186905,Germany,4711,Côte d'Ivoire,4768,True,2,E,2,1,1,W,True,True,False,60,1.89,16,7,5.0,2.0,8,5,,,624,555,26,8,51,14,1,0.105,47,6,33,43036.0,Canada,1781985600,2026-06-20T20:00:00,102.06,121.0,7,0,5,4,9,7,3.0,1.0,0.0,18,79,176,18,5,10,38,10,17,2.0,,0.0,,4,1.0,1.0,,Group E,Germany,Côte d'Ivoire,2,1,4711,4768,True,False
15186905,Côte d'Ivoire,4768,Germany,4711,False,2,E,1,2,-1,L,True,True,False,40,1.22,9,2,2.0,1.0,3,7,,,431,367,20,13,55,26,5,0.3557,53,20,22,43036.0,Canada,1781985600,2026-06-20T20:00:00,100.61,109.0,5,0,2,5,6,3,1.0,1.0,1.0,24,37,68,28,5,13,44,10,11,2.0,,2.0,,7,0.0,0.0,,Group E,Germany,Côte d'Ivoire,2,1,4711,4768,True,False
15186906,Ecuador,4757,Curaçao,55827,True,2,E,0,0,0,D,False,False,True,75,2.84,27,15,6.0,,9,7,1.0,,644,581,19,7,56,17,3,0.8786,50,8,43,68598.0,USA,1782000000,2026-06-21T00:00:00,100.49,140.0,10,1,10,2,21,6,6.0,1.0,1.0,18,100,191,14,11,12,36,15,11,0.0,1.0,,,5,1.0,,,Group E,Ecuador,Curaçao,0,0,4757,55827,True,False
15186906,Curaçao,55827,Ecuador,4757,False,2,E,0,0,0,D,False,False,True,25,0.5,10,3,0.0,,0,10,5.0,,227,159,17,8,57,32,15,2.2732,50,9,12,68598.0,USA,1782000000,2026-06-21T00:00:00,99.64,155.0,7,0,4,3,4,6,0.0,1.0,2.0,15,28,32,15,1,7,33,19,7,1.0,5.0,,,14,0.0,,,Group E,Ecuador,Curaçao,0,0,4757,55827,True,False
15186963,Tunisia,4729,Japan,4770,True,2,F,0,4,-4,L,True,False,False,38,0.05,2,0,0.0,0.0,3,8,,,354,284,18,14,38,23,1,-1.2652,47,2,8,51243.0,Mexico,1782014400,2026-06-21T04:00:00,90.41,78.0,15,0,1,1,1,1,0.0,0.0,1.0,29,59,42,16,2,13,34,4,16,1.0,1.0,0.0,1.0,4,0.0,1.0,,Group F,Tunisia,Japan,0,4,4729,4770,True,False
15186963,Japan,4770,Tunisia,4729,False,2,F,4,0,4,W,True,False,True,62,2.13,11,5,4.0,2.0,5,15,,,583,521,18,7,35,25,0,0.0,53,4,17,51243.0,Mexico,1782014400,2026-06-21T04:00:00,93.62,81.0,8,0,3,3,8,3,2.0,1.0,1.0,23,70,95,18,2,7,29,14,12,0.0,0.0,1.0,0.0,5,1.0,0.0,,Group F,Tunisia,Japan,0,4,4729,4770,True,False
15186710,Mexico,4781,South Africa,4736,True,1,A,2,0,2,W,False,False,True,61,1.46,16,4,2.0,2.0,3,12,1.0,1.0,520,467,12,8,40,15,2,0.1287,59,9,20,80824.0,Mexico,1781204400,2026-06-11T19:00:00,91.84,61.0,11,1,7,5,9,7,,3.0,1.0,21,53,83,31,4,8,32,15,6,0.0,0.0,0.0,0.0,5,1.0,0.0,,Group A,Mexico,South Africa,2,0,4781,4736,True,False
15186710,South Africa,4736,Mexico,4781,False,1,A,0,2,-2,L,False,False,False,39,0.07,3,2,0.0,0.0,1,11,2.0,2.0,334,272,14,7,44,17,2,-0.7215,41,1,2,80824.0,Mexico,1781204400,2026-06-11T19:00:00,85.86,65.0,12,0,1,0,1,2,,2.0,1.0,11,39,25,17,1,7,26,7,7,1.0,1.0,2.0,1.0,8,0.0,1.0,,Group A,Mexico,South Africa,2,0,4781,4736,True,False
15186720,South Korea,4735,Czechia,4714,True,1,A,2,1,1,W,True,True,False,62,2.3,15,6,4.0,2.0,4,9,1.0,,541,469,7,9,36,32,3,1.0699,60,8,24,44985.0,Mexico,1781229600,2026-06-12T02:00:00,104.16,123.0,16,0,5,4,10,5,2.0,1.0,2.0,26,65,106,30,3,3,29,27,4,1.0,1.0,,,4,1.0,,,Group A,South Korea,Czechia,2,1,4735,4714,True,False
15186720,Czechia,4714,South Korea,4735,False,1,A,1,2,-1,L,True,True,False,38,0.83,7,4,1.0,1.0,5,16,0.0,,327,230,9,6,46,21,4,0.0618,40,4,12,44985.0,Mexico,1781229600,2026-06-12T02:00:00,108.3,101.0,9,0,3,1,5,2,0.0,1.0,2.0,16,52,54,23,3,4,22,16,7,0.0,1.0,,,8,0.0,,,Group A,South Korea,Czechia,2,1,4735,4714,True,False
15186836,Canada,4752,Bosnia & Herzegovina,4479,True,1,B,1,1,0,D,False,True,False,61,1.23,13,4,2.0,0.0,9,10,2.0,,421,310,23,4,51,21,2,0.0024999999999999,47,7,37,43002.0,Canada,1781290800,2026-06-12T19:00:00,89.06,104.0,20,1,5,4,10,3,2.0,3.0,1.0,32,73,104,18,5,13,50,21,15,0.0,,0.0,1.0,7,1.0,,,Group B,Canada,Bosnia & Herzegovina,1,1,4752,4479,True,False
15186836,Bosnia & Herzegovina,4479,Canada,4752,False,1,B,1,1,0,D,False,True,False,39,0.96,8,3,2.0,1.0,4,20,3.0,,271,172,20,11,53,70,1,-0.2473,53,6,15,43002.0,Canada,1781290800,2026-06-12T19:00:00,96.71,108.0,10,0,4,1,5,3,1.0,0.0,0.0,26,59,35,17,6,6,36,43,12,2.0,,3.0,0.0,9,0.0,,,Group B,Canada,Bosnia & Herzegovina,1,1,4752,4479,True,False
15186873,USA,4724,Paraguay,4789,True,1,D,4,1,3,W,True,True,False,65,1.42,16,6,4.0,2.0,3,13,1.0,,598,509,9,9,45,15,1,-0.5832,54,22,53,70492.0,USA,1781312400,2026-06-13T01:00:00,106.25,97.0,17,0,6,4,13,3,2.0,4.0,2.0,23,77,142,26,3,8,47,18,7,3.0,,1.0,,3,2.0,,,Group D,USA,Paraguay,4,1,4724,4789,True,False
15186873,Paraguay,4789,USA,4724,False,1,D,1,4,-3,L,True,True,False,35,0.54,9,1,1.0,1.0,1,17,5.0,,319,232,21,10,40,33,3,-1.4577,46,6,11,70492.0,USA,1781312400,2026-06-13T01:00:00,105.19,99.0,13,0,3,5,4,5,0.0,1.0,1.0,17,36,17,20,1,5,39,16,16,2.0,,0.0,,7,0.0,,,Group D,USA,Paraguay,4,1,4724,4789,True,False
15186526,Qatar,4792,Switzerland,4699,True,1,B,1,1,0,D,False,True,False,32,0.6,6,3,1.0,1.0,3,12,2.0,,278,200,14,11,36,31,5,0.7835,49,2,8,67966.0,USA,1781377200,2026-06-13T19:00:00,99.82,67.0,11,0,3,0,4,2,1.0,0.0,0.0,14,39,24,19,1,6,26,10,9,1.0,1.0,2.0,3.0,12,0.0,,,Group B,Qatar,Switzerland,1,1,4792,4699,True,False
15186526,Switzerland,4699,Qatar,4792,False,1,B,1,1,0,D,False,True,False,68,3.2,26,7,6.0,1.0,10,11,1.0,,576,527,8,7,50,13,3,-0.5358,51,7,42,67966.0,USA,1781377200,2026-06-13T19:00:00,99.31,79.0,11,0,10,9,18,8,5.0,9.0,1.0,17,80,199,27,6,8,27,10,6,1.0,0.0,0.0,0.0,5,5.0,,,Group B,Qatar,Switzerland,1,1,4792,4699,True,False
15186850,Brazil,4748,Morocco,4778,True,1,C,1,1,0,D,False,True,False,51,1.26,12,5,1.0,0.0,6,16,2.0,,514,449,23,5,46,23,2,-0.2586,46,5,22,80663.0,USA,1781388000,2026-06-13T22:00:00,98.56,92.0,14,0,4,3,9,3,1.0,0.0,0.0,17,54,69,18,4,4,41,12,13,3.0,1.0,,1.0,4,0.0,,,Group C,Brazil,Morocco,1,1,4748,4778,True,False
15186850,Morocco,4778,Brazil,4748,False,1,C,1,1,0,D,False,True,False,49,1.37,14,3,2.0,1.0,2,14,0.0,,486,419,26,5,52,17,4,0.376,54,16,13,80663.0,USA,1781388000,2026-06-13T22:00:00,104.14,111.0,16,0,5,6,7,7,1.0,6.0,1.0,13,66,123,17,2,10,58,4,18,0.0,1.0,,2.0,4,1.0,,,Group C,Brazil,Morocco,1,1,4748,4778,True,False
